vote_event_id,voter_id,option,group_id,
1001,2010-561835-1-901-2,yes,nk_party,
1001,2010-561835-1-103-1,yes,sos_party,
1001,2010-561835-1-190-4,absent,ohmo_party,
1001,2010-561835-1-158-1,absent,sn_party,
1001,2010-561835-1-190-6,yes,ohmo_party,
1001,2010-561835-1-53-4,yes,ods_party,
1001,2010-561835-1-190-1,yes,ohmo_party,
1001,2010-561835-1-103-2,yes,sos_party,
1001,2010-561835-1-190-2,yes,ohmo_party,
1001,2010-561835-1-721-2,yes,top-09_party,
1001,2010-561835-1-7-1,yes,cssd_party,
1001,2010-561835-1-47-4,absent,kscm_party,
1001,2010-561835-1-47-1,yes,kscm_party,
1001,2010-561835-1-190-3,absent,ohmo_party,
1001,2010-561835-1-103-7,absent,sos_party,
1001,2010-561835-1-7-6,yes,cssd_party,
1001,2010-561835-1-190-5,absent,ohmo_party,
1002,2010-561835-1-901-2,yes,nk_party,
1002,2010-561835-1-103-1,yes,sos_party,
1002,2010-561835-1-190-4,absent,ohmo_party,
1002,2010-561835-1-158-1,absent,sn_party,
1002,2010-561835-1-190-6,yes,ohmo_party,
1002,2010-561835-1-53-4,yes,ods_party,
1002,2010-561835-1-190-1,yes,ohmo_party,
1002,2010-561835-1-103-2,yes,sos_party,
1002,2010-561835-1-190-2,yes,ohmo_party,
1002,2010-561835-1-721-2,yes,top-09_party,
1002,2010-561835-1-7-1,yes,cssd_party,
1002,2010-561835-1-47-4,absent,kscm_party,
1002,2010-561835-1-47-1,yes,kscm_party,
1002,2010-561835-1-190-3,absent,ohmo_party,
1002,2010-561835-1-103-7,absent,sos_party,
1002,2010-561835-1-7-6,yes,cssd_party,
1002,2010-561835-1-190-5,absent,ohmo_party,
1003,2010-561835-1-901-2,yes,nk_party,
1003,2010-561835-1-103-1,yes,sos_party,
1003,2010-561835-1-190-4,absent,ohmo_party,
1003,2010-561835-1-158-1,absent,sn_party,
1003,2010-561835-1-190-6,yes,ohmo_party,
1003,2010-561835-1-53-4,yes,ods_party,
1003,2010-561835-1-190-1,yes,ohmo_party,
1003,2010-561835-1-103-2,yes,sos_party,
1003,2010-561835-1-190-2,yes,ohmo_party,
1003,2010-561835-1-721-2,yes,top-09_party,
1003,2010-561835-1-7-1,yes,cssd_party,
1003,2010-561835-1-47-4,absent,kscm_party,
1003,2010-561835-1-47-1,yes,kscm_party,
1003,2010-561835-1-190-3,absent,ohmo_party,
1003,2010-561835-1-103-7,absent,sos_party,
1003,2010-561835-1-7-6,yes,cssd_party,
1003,2010-561835-1-190-5,absent,ohmo_party,
1004,2010-561835-1-901-2,yes,nk_party,
1004,2010-561835-1-103-1,yes,sos_party,
1004,2010-561835-1-190-4,absent,ohmo_party,
1004,2010-561835-1-158-1,absent,sn_party,
1004,2010-561835-1-190-6,yes,ohmo_party,
1004,2010-561835-1-53-4,yes,ods_party,
1004,2010-561835-1-190-1,yes,ohmo_party,
1004,2010-561835-1-103-2,yes,sos_party,
1004,2010-561835-1-190-2,yes,ohmo_party,
1004,2010-561835-1-721-2,yes,top-09_party,
1004,2010-561835-1-7-1,yes,cssd_party,
1004,2010-561835-1-47-4,absent,kscm_party,
1004,2010-561835-1-47-1,yes,kscm_party,
1004,2010-561835-1-190-3,absent,ohmo_party,
1004,2010-561835-1-103-7,absent,sos_party,
1004,2010-561835-1-7-6,yes,cssd_party,
1004,2010-561835-1-190-5,absent,ohmo_party,
1005,2010-561835-1-901-2,yes,nk_party,
1005,2010-561835-1-103-1,yes,sos_party,
1005,2010-561835-1-190-4,yes,ohmo_party,
1005,2010-561835-1-158-1,absent,sn_party,
1005,2010-561835-1-190-6,yes,ohmo_party,
1005,2010-561835-1-53-4,yes,ods_party,
1005,2010-561835-1-190-1,yes,ohmo_party,
1005,2010-561835-1-103-2,yes,sos_party,
1005,2010-561835-1-190-2,yes,ohmo_party,
1005,2010-561835-1-721-2,yes,top-09_party,
1005,2010-561835-1-7-1,yes,cssd_party,
1005,2010-561835-1-47-4,absent,kscm_party,
1005,2010-561835-1-47-1,yes,kscm_party,
1005,2010-561835-1-190-3,absent,ohmo_party,
1005,2010-561835-1-103-7,absent,sos_party,
1005,2010-561835-1-7-6,yes,cssd_party,
1005,2010-561835-1-190-5,absent,ohmo_party,
1006,2010-561835-1-901-2,yes,nk_party,
1006,2010-561835-1-103-1,abstain,sos_party,
1006,2010-561835-1-190-4,yes,ohmo_party,
1006,2010-561835-1-158-1,absent,sn_party,
1006,2010-561835-1-190-6,no,ohmo_party,
1006,2010-561835-1-53-4,yes,ods_party,
1006,2010-561835-1-190-1,yes,ohmo_party,
1006,2010-561835-1-103-2,yes,sos_party,
1006,2010-561835-1-190-2,yes,ohmo_party,
1006,2010-561835-1-721-2,no,top-09_party,
1006,2010-561835-1-7-1,no,cssd_party,
1006,2010-561835-1-47-4,absent,kscm_party,
1006,2010-561835-1-47-1,yes,kscm_party,
1006,2010-561835-1-190-3,absent,ohmo_party,
1006,2010-561835-1-103-7,absent,sos_party,
1006,2010-561835-1-7-6,abstain,cssd_party,
1006,2010-561835-1-190-5,absent,ohmo_party,
1007,2010-561835-1-901-2,yes,nk_party,
1007,2010-561835-1-103-1,yes,sos_party,
1007,2010-561835-1-190-4,yes,ohmo_party,
1007,2010-561835-1-158-1,absent,sn_party,
1007,2010-561835-1-190-6,yes,ohmo_party,
1007,2010-561835-1-53-4,yes,ods_party,
1007,2010-561835-1-190-1,abstain,ohmo_party,
1007,2010-561835-1-103-2,yes,sos_party,
1007,2010-561835-1-190-2,yes,ohmo_party,
1007,2010-561835-1-721-2,yes,top-09_party,
1007,2010-561835-1-7-1,yes,cssd_party,
1007,2010-561835-1-47-4,absent,kscm_party,
1007,2010-561835-1-47-1,yes,kscm_party,
1007,2010-561835-1-190-3,absent,ohmo_party,
1007,2010-561835-1-103-7,absent,sos_party,
1007,2010-561835-1-7-6,yes,cssd_party,
1007,2010-561835-1-190-5,absent,ohmo_party,
1008,2010-561835-1-901-2,yes,nk_party,
1008,2010-561835-1-103-1,yes,sos_party,
1008,2010-561835-1-190-4,yes,ohmo_party,
1008,2010-561835-1-158-1,absent,sn_party,
1008,2010-561835-1-190-6,yes,ohmo_party,
1008,2010-561835-1-53-4,yes,ods_party,
1008,2010-561835-1-190-1,yes,ohmo_party,
1008,2010-561835-1-103-2,yes,sos_party,
1008,2010-561835-1-190-2,yes,ohmo_party,
1008,2010-561835-1-721-2,yes,top-09_party,
1008,2010-561835-1-7-1,yes,cssd_party,
1008,2010-561835-1-47-4,absent,kscm_party,
1008,2010-561835-1-47-1,yes,kscm_party,
1008,2010-561835-1-190-3,absent,ohmo_party,
1008,2010-561835-1-103-7,absent,sos_party,
1008,2010-561835-1-7-6,yes,cssd_party,
1008,2010-561835-1-190-5,absent,ohmo_party,
1009,2010-561835-1-901-2,yes,nk_party,
1009,2010-561835-1-103-1,yes,sos_party,
1009,2010-561835-1-190-4,yes,ohmo_party,
1009,2010-561835-1-158-1,absent,sn_party,
1009,2010-561835-1-190-6,yes,ohmo_party,
1009,2010-561835-1-53-4,yes,ods_party,
1009,2010-561835-1-190-1,yes,ohmo_party,
1009,2010-561835-1-103-2,yes,sos_party,
1009,2010-561835-1-190-2,yes,ohmo_party,
1009,2010-561835-1-721-2,yes,top-09_party,
1009,2010-561835-1-7-1,yes,cssd_party,
1009,2010-561835-1-47-4,absent,kscm_party,
1009,2010-561835-1-47-1,yes,kscm_party,
1009,2010-561835-1-190-3,absent,ohmo_party,
1009,2010-561835-1-103-7,absent,sos_party,
1009,2010-561835-1-7-6,yes,cssd_party,
1009,2010-561835-1-190-5,absent,ohmo_party,
1010,2010-561835-1-901-2,yes,nk_party,
1010,2010-561835-1-103-1,yes,sos_party,
1010,2010-561835-1-190-4,yes,ohmo_party,
1010,2010-561835-1-158-1,absent,sn_party,
1010,2010-561835-1-190-6,abstain,ohmo_party,
1010,2010-561835-1-53-4,yes,ods_party,
1010,2010-561835-1-190-1,yes,ohmo_party,
1010,2010-561835-1-103-2,yes,sos_party,
1010,2010-561835-1-190-2,yes,ohmo_party,
1010,2010-561835-1-721-2,yes,top-09_party,
1010,2010-561835-1-7-1,yes,cssd_party,
1010,2010-561835-1-47-4,absent,kscm_party,
1010,2010-561835-1-47-1,yes,kscm_party,
1010,2010-561835-1-190-3,absent,ohmo_party,
1010,2010-561835-1-103-7,absent,sos_party,
1010,2010-561835-1-7-6,yes,cssd_party,
1010,2010-561835-1-190-5,absent,ohmo_party,
1011,2010-561835-1-901-2,yes,nk_party,
1011,2010-561835-1-103-1,yes,sos_party,
1011,2010-561835-1-190-4,yes,ohmo_party,
1011,2010-561835-1-158-1,absent,sn_party,
1011,2010-561835-1-190-6,yes,ohmo_party,
1011,2010-561835-1-53-4,yes,ods_party,
1011,2010-561835-1-190-1,yes,ohmo_party,
1011,2010-561835-1-103-2,yes,sos_party,
1011,2010-561835-1-190-2,yes,ohmo_party,
1011,2010-561835-1-721-2,yes,top-09_party,
1011,2010-561835-1-7-1,yes,cssd_party,
1011,2010-561835-1-47-4,absent,kscm_party,
1011,2010-561835-1-47-1,yes,kscm_party,
1011,2010-561835-1-190-3,absent,ohmo_party,
1011,2010-561835-1-103-7,absent,sos_party,
1011,2010-561835-1-7-6,yes,cssd_party,
1011,2010-561835-1-190-5,absent,ohmo_party,
1012,2010-561835-1-901-2,yes,nk_party,
1012,2010-561835-1-103-1,yes,sos_party,
1012,2010-561835-1-190-4,yes,ohmo_party,
1012,2010-561835-1-158-1,absent,sn_party,
1012,2010-561835-1-190-6,yes,ohmo_party,
1012,2010-561835-1-53-4,yes,ods_party,
1012,2010-561835-1-190-1,yes,ohmo_party,
1012,2010-561835-1-103-2,yes,sos_party,
1012,2010-561835-1-190-2,yes,ohmo_party,
1012,2010-561835-1-721-2,yes,top-09_party,
1012,2010-561835-1-7-1,yes,cssd_party,
1012,2010-561835-1-47-4,absent,kscm_party,
1012,2010-561835-1-47-1,yes,kscm_party,
1012,2010-561835-1-190-3,absent,ohmo_party,
1012,2010-561835-1-103-7,absent,sos_party,
1012,2010-561835-1-7-6,yes,cssd_party,
1012,2010-561835-1-190-5,absent,ohmo_party,
1013,2010-561835-1-901-2,yes,nk_party,
1013,2010-561835-1-103-1,yes,sos_party,
1013,2010-561835-1-190-4,yes,ohmo_party,
1013,2010-561835-1-158-1,absent,sn_party,
1013,2010-561835-1-190-6,yes,ohmo_party,
1013,2010-561835-1-53-4,yes,ods_party,
1013,2010-561835-1-190-1,yes,ohmo_party,
1013,2010-561835-1-103-2,yes,sos_party,
1013,2010-561835-1-190-2,yes,ohmo_party,
1013,2010-561835-1-721-2,yes,top-09_party,
1013,2010-561835-1-7-1,yes,cssd_party,
1013,2010-561835-1-47-4,absent,kscm_party,
1013,2010-561835-1-47-1,yes,kscm_party,
1013,2010-561835-1-190-3,absent,ohmo_party,
1013,2010-561835-1-103-7,absent,sos_party,
1013,2010-561835-1-7-6,yes,cssd_party,
1013,2010-561835-1-190-5,absent,ohmo_party,
2001,2010-561835-1-901-2,absent,nk_party,
2001,2010-561835-1-103-1,yes,sos_party,
2001,2010-561835-1-190-4,absent,ohmo_party,
2001,2010-561835-1-158-1,yes,sn_party,
2001,2010-561835-1-190-6,yes,ohmo_party,
2001,2010-561835-1-53-4,yes,ods_party,
2001,2010-561835-1-190-1,yes,ohmo_party,
2001,2010-561835-1-103-2,yes,sos_party,
2001,2010-561835-1-190-2,yes,ohmo_party,
2001,2010-561835-1-721-2,yes,top-09_party,
2001,2010-561835-1-7-1,absent,cssd_party,
2001,2010-561835-1-47-4,yes,kscm_party,
2001,2010-561835-1-47-1,absent,kscm_party,
2001,2010-561835-1-190-3,yes,ohmo_party,
2001,2010-561835-1-103-7,yes,sos_party,
2001,2010-561835-1-7-6,yes,cssd_party,
2001,2010-561835-1-190-5,yes,ohmo_party,
2002,2010-561835-1-901-2,absent,nk_party,
2002,2010-561835-1-103-1,yes,sos_party,
2002,2010-561835-1-190-4,absent,ohmo_party,
2002,2010-561835-1-158-1,yes,sn_party,
2002,2010-561835-1-190-6,yes,ohmo_party,
2002,2010-561835-1-53-4,yes,ods_party,
2002,2010-561835-1-190-1,yes,ohmo_party,
2002,2010-561835-1-103-2,yes,sos_party,
2002,2010-561835-1-190-2,yes,ohmo_party,
2002,2010-561835-1-721-2,yes,top-09_party,
2002,2010-561835-1-7-1,absent,cssd_party,
2002,2010-561835-1-47-4,yes,kscm_party,
2002,2010-561835-1-47-1,absent,kscm_party,
2002,2010-561835-1-190-3,yes,ohmo_party,
2002,2010-561835-1-103-7,yes,sos_party,
2002,2010-561835-1-7-6,yes,cssd_party,
2002,2010-561835-1-190-5,yes,ohmo_party,
2003,2010-561835-1-901-2,absent,nk_party,
2003,2010-561835-1-103-1,yes,sos_party,
2003,2010-561835-1-190-4,absent,ohmo_party,
2003,2010-561835-1-158-1,yes,sn_party,
2003,2010-561835-1-190-6,yes,ohmo_party,
2003,2010-561835-1-53-4,yes,ods_party,
2003,2010-561835-1-190-1,yes,ohmo_party,
2003,2010-561835-1-103-2,yes,sos_party,
2003,2010-561835-1-190-2,yes,ohmo_party,
2003,2010-561835-1-721-2,yes,top-09_party,
2003,2010-561835-1-7-1,yes,cssd_party,
2003,2010-561835-1-47-4,yes,kscm_party,
2003,2010-561835-1-47-1,absent,kscm_party,
2003,2010-561835-1-190-3,yes,ohmo_party,
2003,2010-561835-1-103-7,yes,sos_party,
2003,2010-561835-1-7-6,yes,cssd_party,
2003,2010-561835-1-190-5,yes,ohmo_party,
2004,2010-561835-1-901-2,absent,nk_party,
2004,2010-561835-1-103-1,yes,sos_party,
2004,2010-561835-1-190-4,absent,ohmo_party,
2004,2010-561835-1-158-1,yes,sn_party,
2004,2010-561835-1-190-6,yes,ohmo_party,
2004,2010-561835-1-53-4,yes,ods_party,
2004,2010-561835-1-190-1,yes,ohmo_party,
2004,2010-561835-1-103-2,yes,sos_party,
2004,2010-561835-1-190-2,yes,ohmo_party,
2004,2010-561835-1-721-2,yes,top-09_party,
2004,2010-561835-1-7-1,yes,cssd_party,
2004,2010-561835-1-47-4,yes,kscm_party,
2004,2010-561835-1-47-1,absent,kscm_party,
2004,2010-561835-1-190-3,yes,ohmo_party,
2004,2010-561835-1-103-7,yes,sos_party,
2004,2010-561835-1-7-6,yes,cssd_party,
2004,2010-561835-1-190-5,yes,ohmo_party,
2005,2010-561835-1-901-2,absent,nk_party,
2005,2010-561835-1-103-1,yes,sos_party,
2005,2010-561835-1-190-4,absent,ohmo_party,
2005,2010-561835-1-158-1,yes,sn_party,
2005,2010-561835-1-190-6,yes,ohmo_party,
2005,2010-561835-1-53-4,yes,ods_party,
2005,2010-561835-1-190-1,yes,ohmo_party,
2005,2010-561835-1-103-2,yes,sos_party,
2005,2010-561835-1-190-2,yes,ohmo_party,
2005,2010-561835-1-721-2,yes,top-09_party,
2005,2010-561835-1-7-1,abstain,cssd_party,
2005,2010-561835-1-47-4,yes,kscm_party,
2005,2010-561835-1-47-1,absent,kscm_party,
2005,2010-561835-1-190-3,yes,ohmo_party,
2005,2010-561835-1-103-7,yes,sos_party,
2005,2010-561835-1-7-6,yes,cssd_party,
2005,2010-561835-1-190-5,yes,ohmo_party,
2006,2010-561835-1-901-2,absent,nk_party,
2006,2010-561835-1-103-1,yes,sos_party,
2006,2010-561835-1-190-4,absent,ohmo_party,
2006,2010-561835-1-158-1,yes,sn_party,
2006,2010-561835-1-190-6,yes,ohmo_party,
2006,2010-561835-1-53-4,yes,ods_party,
2006,2010-561835-1-190-1,yes,ohmo_party,
2006,2010-561835-1-103-2,yes,sos_party,
2006,2010-561835-1-190-2,yes,ohmo_party,
2006,2010-561835-1-721-2,yes,top-09_party,
2006,2010-561835-1-7-1,abstain,cssd_party,
2006,2010-561835-1-47-4,yes,kscm_party,
2006,2010-561835-1-47-1,absent,kscm_party,
2006,2010-561835-1-190-3,yes,ohmo_party,
2006,2010-561835-1-103-7,yes,sos_party,
2006,2010-561835-1-7-6,yes,cssd_party,
2006,2010-561835-1-190-5,yes,ohmo_party,
2007,2010-561835-1-901-2,absent,nk_party,
2007,2010-561835-1-103-1,yes,sos_party,
2007,2010-561835-1-190-4,absent,ohmo_party,
2007,2010-561835-1-158-1,yes,sn_party,
2007,2010-561835-1-190-6,yes,ohmo_party,
2007,2010-561835-1-53-4,yes,ods_party,
2007,2010-561835-1-190-1,yes,ohmo_party,
2007,2010-561835-1-103-2,yes,sos_party,
2007,2010-561835-1-190-2,yes,ohmo_party,
2007,2010-561835-1-721-2,yes,top-09_party,
2007,2010-561835-1-7-1,yes,cssd_party,
2007,2010-561835-1-47-4,yes,kscm_party,
2007,2010-561835-1-47-1,absent,kscm_party,
2007,2010-561835-1-190-3,yes,ohmo_party,
2007,2010-561835-1-103-7,yes,sos_party,
2007,2010-561835-1-7-6,yes,cssd_party,
2007,2010-561835-1-190-5,yes,ohmo_party,
2008,2010-561835-1-901-2,absent,nk_party,
2008,2010-561835-1-103-1,yes,sos_party,
2008,2010-561835-1-190-4,absent,ohmo_party,
2008,2010-561835-1-158-1,yes,sn_party,
2008,2010-561835-1-190-6,yes,ohmo_party,
2008,2010-561835-1-53-4,yes,ods_party,
2008,2010-561835-1-190-1,yes,ohmo_party,
2008,2010-561835-1-103-2,yes,sos_party,
2008,2010-561835-1-190-2,yes,ohmo_party,
2008,2010-561835-1-721-2,yes,top-09_party,
2008,2010-561835-1-7-1,yes,cssd_party,
2008,2010-561835-1-47-4,yes,kscm_party,
2008,2010-561835-1-47-1,absent,kscm_party,
2008,2010-561835-1-190-3,yes,ohmo_party,
2008,2010-561835-1-103-7,yes,sos_party,
2008,2010-561835-1-7-6,yes,cssd_party,
2008,2010-561835-1-190-5,yes,ohmo_party,
2009,2010-561835-1-901-2,absent,nk_party,
2009,2010-561835-1-103-1,yes,sos_party,
2009,2010-561835-1-190-4,absent,ohmo_party,
2009,2010-561835-1-158-1,yes,sn_party,
2009,2010-561835-1-190-6,yes,ohmo_party,
2009,2010-561835-1-53-4,yes,ods_party,
2009,2010-561835-1-190-1,yes,ohmo_party,
2009,2010-561835-1-103-2,yes,sos_party,
2009,2010-561835-1-190-2,yes,ohmo_party,
2009,2010-561835-1-721-2,yes,top-09_party,
2009,2010-561835-1-7-1,yes,cssd_party,
2009,2010-561835-1-47-4,yes,kscm_party,
2009,2010-561835-1-47-1,absent,kscm_party,
2009,2010-561835-1-190-3,yes,ohmo_party,
2009,2010-561835-1-103-7,yes,sos_party,
2009,2010-561835-1-7-6,yes,cssd_party,
2009,2010-561835-1-190-5,yes,ohmo_party,
2010,2010-561835-1-901-2,absent,nk_party,
2010,2010-561835-1-103-1,yes,sos_party,
2010,2010-561835-1-190-4,absent,ohmo_party,
2010,2010-561835-1-158-1,yes,sn_party,
2010,2010-561835-1-190-6,yes,ohmo_party,
2010,2010-561835-1-53-4,yes,ods_party,
2010,2010-561835-1-190-1,yes,ohmo_party,
2010,2010-561835-1-103-2,yes,sos_party,
2010,2010-561835-1-190-2,yes,ohmo_party,
2010,2010-561835-1-721-2,yes,top-09_party,
2010,2010-561835-1-7-1,yes,cssd_party,
2010,2010-561835-1-47-4,yes,kscm_party,
2010,2010-561835-1-47-1,absent,kscm_party,
2010,2010-561835-1-190-3,yes,ohmo_party,
2010,2010-561835-1-103-7,yes,sos_party,
2010,2010-561835-1-7-6,yes,cssd_party,
2010,2010-561835-1-190-5,yes,ohmo_party,
3001,2010-561835-1-901-2,absent,nk_party,
3001,2010-561835-1-103-1,yes,sos_party,
3001,2010-561835-1-190-4,yes,ohmo_party,
3001,2010-561835-1-158-1,yes,sn_party,
3001,2010-561835-1-190-6,yes,ohmo_party,
3001,2010-561835-1-53-4,yes,ods_party,
3001,2010-561835-1-190-1,yes,ohmo_party,
3001,2010-561835-1-103-2,yes,sos_party,
3001,2010-561835-1-190-2,yes,ohmo_party,
3001,2010-561835-1-721-2,absent,top-09_party,
3001,2010-561835-1-7-1,absent,cssd_party,
3001,2010-561835-1-47-4,yes,kscm_party,
3001,2010-561835-1-47-1,yes,kscm_party,
3001,2010-561835-1-190-3,yes,ohmo_party,
3001,2010-561835-1-103-7,yes,sos_party,
3001,2010-561835-1-7-6,absent,cssd_party,
3001,2010-561835-1-190-5,yes,ohmo_party,
3002,2010-561835-1-901-2,absent,nk_party,
3002,2010-561835-1-103-1,yes,sos_party,
3002,2010-561835-1-190-4,yes,ohmo_party,
3002,2010-561835-1-158-1,yes,sn_party,
3002,2010-561835-1-190-6,yes,ohmo_party,
3002,2010-561835-1-53-4,yes,ods_party,
3002,2010-561835-1-190-1,yes,ohmo_party,
3002,2010-561835-1-103-2,yes,sos_party,
3002,2010-561835-1-190-2,yes,ohmo_party,
3002,2010-561835-1-721-2,absent,top-09_party,
3002,2010-561835-1-7-1,absent,cssd_party,
3002,2010-561835-1-47-4,yes,kscm_party,
3002,2010-561835-1-47-1,yes,kscm_party,
3002,2010-561835-1-190-3,yes,ohmo_party,
3002,2010-561835-1-103-7,yes,sos_party,
3002,2010-561835-1-7-6,absent,cssd_party,
3002,2010-561835-1-190-5,yes,ohmo_party,
3003,2010-561835-1-901-2,absent,nk_party,
3003,2010-561835-1-103-1,yes,sos_party,
3003,2010-561835-1-190-4,yes,ohmo_party,
3003,2010-561835-1-158-1,yes,sn_party,
3003,2010-561835-1-190-6,yes,ohmo_party,
3003,2010-561835-1-53-4,yes,ods_party,
3003,2010-561835-1-190-1,yes,ohmo_party,
3003,2010-561835-1-103-2,yes,sos_party,
3003,2010-561835-1-190-2,yes,ohmo_party,
3003,2010-561835-1-721-2,absent,top-09_party,
3003,2010-561835-1-7-1,absent,cssd_party,
3003,2010-561835-1-47-4,yes,kscm_party,
3003,2010-561835-1-47-1,yes,kscm_party,
3003,2010-561835-1-190-3,yes,ohmo_party,
3003,2010-561835-1-103-7,yes,sos_party,
3003,2010-561835-1-7-6,absent,cssd_party,
3003,2010-561835-1-190-5,yes,ohmo_party,
3004,2010-561835-1-901-2,yes,nk_party,
3004,2010-561835-1-103-1,yes,sos_party,
3004,2010-561835-1-190-4,yes,ohmo_party,
3004,2010-561835-1-158-1,yes,sn_party,
3004,2010-561835-1-190-6,yes,ohmo_party,
3004,2010-561835-1-53-4,yes,ods_party,
3004,2010-561835-1-190-1,yes,ohmo_party,
3004,2010-561835-1-103-2,yes,sos_party,
3004,2010-561835-1-190-2,yes,ohmo_party,
3004,2010-561835-1-721-2,absent,top-09_party,
3004,2010-561835-1-7-1,absent,cssd_party,
3004,2010-561835-1-47-4,yes,kscm_party,
3004,2010-561835-1-47-1,yes,kscm_party,
3004,2010-561835-1-190-3,yes,ohmo_party,
3004,2010-561835-1-103-7,yes,sos_party,
3004,2010-561835-1-7-6,absent,cssd_party,
3004,2010-561835-1-190-5,yes,ohmo_party,
3005,2010-561835-1-901-2,yes,nk_party,
3005,2010-561835-1-103-1,yes,sos_party,
3005,2010-561835-1-190-4,yes,ohmo_party,
3005,2010-561835-1-158-1,yes,sn_party,
3005,2010-561835-1-190-6,yes,ohmo_party,
3005,2010-561835-1-53-4,yes,ods_party,
3005,2010-561835-1-190-1,yes,ohmo_party,
3005,2010-561835-1-103-2,yes,sos_party,
3005,2010-561835-1-190-2,yes,ohmo_party,
3005,2010-561835-1-721-2,absent,top-09_party,
3005,2010-561835-1-7-1,no,cssd_party,
3005,2010-561835-1-47-4,yes,kscm_party,
3005,2010-561835-1-47-1,yes,kscm_party,
3005,2010-561835-1-190-3,yes,ohmo_party,
3005,2010-561835-1-103-7,yes,sos_party,
3005,2010-561835-1-7-6,yes,cssd_party,
3005,2010-561835-1-190-5,yes,ohmo_party,
3006,2010-561835-1-901-2,yes,nk_party,
3006,2010-561835-1-103-1,yes,sos_party,
3006,2010-561835-1-190-4,yes,ohmo_party,
3006,2010-561835-1-158-1,yes,sn_party,
3006,2010-561835-1-190-6,yes,ohmo_party,
3006,2010-561835-1-53-4,yes,ods_party,
3006,2010-561835-1-190-1,yes,ohmo_party,
3006,2010-561835-1-103-2,yes,sos_party,
3006,2010-561835-1-190-2,yes,ohmo_party,
3006,2010-561835-1-721-2,absent,top-09_party,
3006,2010-561835-1-7-1,yes,cssd_party,
3006,2010-561835-1-47-4,yes,kscm_party,
3006,2010-561835-1-47-1,yes,kscm_party,
3006,2010-561835-1-190-3,yes,ohmo_party,
3006,2010-561835-1-103-7,yes,sos_party,
3006,2010-561835-1-7-6,yes,cssd_party,
3006,2010-561835-1-190-5,yes,ohmo_party,
3007,2010-561835-1-901-2,abstain,nk_party,
3007,2010-561835-1-103-1,yes,sos_party,
3007,2010-561835-1-190-4,yes,ohmo_party,
3007,2010-561835-1-158-1,abstain,sn_party,
3007,2010-561835-1-190-6,no,ohmo_party,
3007,2010-561835-1-53-4,yes,ods_party,
3007,2010-561835-1-190-1,yes,ohmo_party,
3007,2010-561835-1-103-2,yes,sos_party,
3007,2010-561835-1-190-2,yes,ohmo_party,
3007,2010-561835-1-721-2,absent,top-09_party,
3007,2010-561835-1-7-1,no,cssd_party,
3007,2010-561835-1-47-4,abstain,kscm_party,
3007,2010-561835-1-47-1,abstain,kscm_party,
3007,2010-561835-1-190-3,yes,ohmo_party,
3007,2010-561835-1-103-7,yes,sos_party,
3007,2010-561835-1-7-6,abstain,cssd_party,
3007,2010-561835-1-190-5,yes,ohmo_party,
3008,2010-561835-1-901-2,yes,nk_party,
3008,2010-561835-1-103-1,yes,sos_party,
3008,2010-561835-1-190-4,yes,ohmo_party,
3008,2010-561835-1-158-1,yes,sn_party,
3008,2010-561835-1-190-6,abstain,ohmo_party,
3008,2010-561835-1-53-4,yes,ods_party,
3008,2010-561835-1-190-1,yes,ohmo_party,
3008,2010-561835-1-103-2,yes,sos_party,
3008,2010-561835-1-190-2,yes,ohmo_party,
3008,2010-561835-1-721-2,absent,top-09_party,
3008,2010-561835-1-7-1,abstain,cssd_party,
3008,2010-561835-1-47-4,abstain,kscm_party,
3008,2010-561835-1-47-1,yes,kscm_party,
3008,2010-561835-1-190-3,yes,ohmo_party,
3008,2010-561835-1-103-7,yes,sos_party,
3008,2010-561835-1-7-6,yes,cssd_party,
3008,2010-561835-1-190-5,yes,ohmo_party,
3009,2010-561835-1-901-2,yes,nk_party,
3009,2010-561835-1-103-1,yes,sos_party,
3009,2010-561835-1-190-4,yes,ohmo_party,
3009,2010-561835-1-158-1,yes,sn_party,
3009,2010-561835-1-190-6,yes,ohmo_party,
3009,2010-561835-1-53-4,yes,ods_party,
3009,2010-561835-1-190-1,yes,ohmo_party,
3009,2010-561835-1-103-2,yes,sos_party,
3009,2010-561835-1-190-2,yes,ohmo_party,
3009,2010-561835-1-721-2,absent,top-09_party,
3009,2010-561835-1-7-1,yes,cssd_party,
3009,2010-561835-1-47-4,abstain,kscm_party,
3009,2010-561835-1-47-1,yes,kscm_party,
3009,2010-561835-1-190-3,yes,ohmo_party,
3009,2010-561835-1-103-7,yes,sos_party,
3009,2010-561835-1-7-6,yes,cssd_party,
3009,2010-561835-1-190-5,yes,ohmo_party,
3010,2010-561835-1-901-2,yes,nk_party,
3010,2010-561835-1-103-1,yes,sos_party,
3010,2010-561835-1-190-4,yes,ohmo_party,
3010,2010-561835-1-158-1,yes,sn_party,
3010,2010-561835-1-190-6,yes,ohmo_party,
3010,2010-561835-1-53-4,yes,ods_party,
3010,2010-561835-1-190-1,yes,ohmo_party,
3010,2010-561835-1-103-2,yes,sos_party,
3010,2010-561835-1-190-2,yes,ohmo_party,
3010,2010-561835-1-721-2,absent,top-09_party,
3010,2010-561835-1-7-1,yes,cssd_party,
3010,2010-561835-1-47-4,abstain,kscm_party,
3010,2010-561835-1-47-1,yes,kscm_party,
3010,2010-561835-1-190-3,yes,ohmo_party,
3010,2010-561835-1-103-7,yes,sos_party,
3010,2010-561835-1-7-6,yes,cssd_party,
3010,2010-561835-1-190-5,yes,ohmo_party,
3011,2010-561835-1-901-2,yes,nk_party,
3011,2010-561835-1-103-1,yes,sos_party,
3011,2010-561835-1-190-4,yes,ohmo_party,
3011,2010-561835-1-158-1,yes,sn_party,
3011,2010-561835-1-190-6,yes,ohmo_party,
3011,2010-561835-1-53-4,yes,ods_party,
3011,2010-561835-1-190-1,yes,ohmo_party,
3011,2010-561835-1-103-2,yes,sos_party,
3011,2010-561835-1-190-2,yes,ohmo_party,
3011,2010-561835-1-721-2,absent,top-09_party,
3011,2010-561835-1-7-1,yes,cssd_party,
3011,2010-561835-1-47-4,abstain,kscm_party,
3011,2010-561835-1-47-1,abstain,kscm_party,
3011,2010-561835-1-190-3,yes,ohmo_party,
3011,2010-561835-1-103-7,yes,sos_party,
3011,2010-561835-1-7-6,yes,cssd_party,
3011,2010-561835-1-190-5,yes,ohmo_party,
4001,2010-561835-1-901-2,yes,nk_party,
4001,2010-561835-1-103-1,yes,sos_party,
4001,2010-561835-1-190-4,absent,ohmo_party,
4001,2010-561835-1-158-1,yes,sn_party,
4001,2010-561835-1-190-6,yes,ohmo_party,
4001,2010-561835-1-53-4,absent,ods_party,
4001,2010-561835-1-190-1,yes,ohmo_party,
4001,2010-561835-1-103-2,yes,sos_party,
4001,2010-561835-1-190-2,yes,ohmo_party,
4001,2010-561835-1-721-2,abstain,top-09_party,
4001,2010-561835-1-7-1,absent,cssd_party,
4001,2010-561835-1-47-4,yes,kscm_party,
4001,2010-561835-1-47-1,yes,kscm_party,
4001,2010-561835-1-190-3,yes,ohmo_party,
4001,2010-561835-1-103-7,abstain,sos_party,
4001,2010-561835-1-7-6,yes,cssd_party,
4001,2010-561835-1-190-5,yes,ohmo_party,
4002,2010-561835-1-901-2,yes,nk_party,
4002,2010-561835-1-103-1,yes,sos_party,
4002,2010-561835-1-190-4,absent,ohmo_party,
4002,2010-561835-1-158-1,yes,sn_party,
4002,2010-561835-1-190-6,yes,ohmo_party,
4002,2010-561835-1-53-4,absent,ods_party,
4002,2010-561835-1-190-1,yes,ohmo_party,
4002,2010-561835-1-103-2,yes,sos_party,
4002,2010-561835-1-190-2,yes,ohmo_party,
4002,2010-561835-1-721-2,abstain,top-09_party,
4002,2010-561835-1-7-1,absent,cssd_party,
4002,2010-561835-1-47-4,yes,kscm_party,
4002,2010-561835-1-47-1,yes,kscm_party,
4002,2010-561835-1-190-3,yes,ohmo_party,
4002,2010-561835-1-103-7,abstain,sos_party,
4002,2010-561835-1-7-6,yes,cssd_party,
4002,2010-561835-1-190-5,yes,ohmo_party,
4003,2010-561835-1-901-2,yes,nk_party,
4003,2010-561835-1-103-1,yes,sos_party,
4003,2010-561835-1-190-4,absent,ohmo_party,
4003,2010-561835-1-158-1,yes,sn_party,
4003,2010-561835-1-190-6,yes,ohmo_party,
4003,2010-561835-1-53-4,absent,ods_party,
4003,2010-561835-1-190-1,yes,ohmo_party,
4003,2010-561835-1-103-2,yes,sos_party,
4003,2010-561835-1-190-2,yes,ohmo_party,
4003,2010-561835-1-721-2,yes,top-09_party,
4003,2010-561835-1-7-1,absent,cssd_party,
4003,2010-561835-1-47-4,yes,kscm_party,
4003,2010-561835-1-47-1,yes,kscm_party,
4003,2010-561835-1-190-3,yes,ohmo_party,
4003,2010-561835-1-103-7,yes,sos_party,
4003,2010-561835-1-7-6,yes,cssd_party,
4003,2010-561835-1-190-5,yes,ohmo_party,
4004,2010-561835-1-901-2,yes,nk_party,
4004,2010-561835-1-103-1,yes,sos_party,
4004,2010-561835-1-190-4,absent,ohmo_party,
4004,2010-561835-1-158-1,yes,sn_party,
4004,2010-561835-1-190-6,yes,ohmo_party,
4004,2010-561835-1-53-4,yes,ods_party,
4004,2010-561835-1-190-1,yes,ohmo_party,
4004,2010-561835-1-103-2,yes,sos_party,
4004,2010-561835-1-190-2,yes,ohmo_party,
4004,2010-561835-1-721-2,yes,top-09_party,
4004,2010-561835-1-7-1,yes,cssd_party,
4004,2010-561835-1-47-4,yes,kscm_party,
4004,2010-561835-1-47-1,yes,kscm_party,
4004,2010-561835-1-190-3,yes,ohmo_party,
4004,2010-561835-1-103-7,yes,sos_party,
4004,2010-561835-1-7-6,yes,cssd_party,
4004,2010-561835-1-190-5,yes,ohmo_party,
4005,2010-561835-1-901-2,yes,nk_party,
4005,2010-561835-1-103-1,yes,sos_party,
4005,2010-561835-1-190-4,yes,ohmo_party,
4005,2010-561835-1-158-1,yes,sn_party,
4005,2010-561835-1-190-6,yes,ohmo_party,
4005,2010-561835-1-53-4,yes,ods_party,
4005,2010-561835-1-190-1,yes,ohmo_party,
4005,2010-561835-1-103-2,yes,sos_party,
4005,2010-561835-1-190-2,yes,ohmo_party,
4005,2010-561835-1-721-2,yes,top-09_party,
4005,2010-561835-1-7-1,yes,cssd_party,
4005,2010-561835-1-47-4,yes,kscm_party,
4005,2010-561835-1-47-1,yes,kscm_party,
4005,2010-561835-1-190-3,yes,ohmo_party,
4005,2010-561835-1-103-7,yes,sos_party,
4005,2010-561835-1-7-6,abstain,cssd_party,
4005,2010-561835-1-190-5,yes,ohmo_party,
4006,2010-561835-1-901-2,yes,nk_party,
4006,2010-561835-1-103-1,yes,sos_party,
4006,2010-561835-1-190-4,yes,ohmo_party,
4006,2010-561835-1-158-1,yes,sn_party,
4006,2010-561835-1-190-6,yes,ohmo_party,
4006,2010-561835-1-53-4,yes,ods_party,
4006,2010-561835-1-190-1,yes,ohmo_party,
4006,2010-561835-1-103-2,yes,sos_party,
4006,2010-561835-1-190-2,yes,ohmo_party,
4006,2010-561835-1-721-2,yes,top-09_party,
4006,2010-561835-1-7-1,yes,cssd_party,
4006,2010-561835-1-47-4,yes,kscm_party,
4006,2010-561835-1-47-1,yes,kscm_party,
4006,2010-561835-1-190-3,yes,ohmo_party,
4006,2010-561835-1-103-7,yes,sos_party,
4006,2010-561835-1-7-6,yes,cssd_party,
4006,2010-561835-1-190-5,yes,ohmo_party,
4007,2010-561835-1-901-2,yes,nk_party,
4007,2010-561835-1-103-1,yes,sos_party,
4007,2010-561835-1-190-4,yes,ohmo_party,
4007,2010-561835-1-158-1,yes,sn_party,
4007,2010-561835-1-190-6,yes,ohmo_party,
4007,2010-561835-1-53-4,yes,ods_party,
4007,2010-561835-1-190-1,abstain,ohmo_party,
4007,2010-561835-1-103-2,yes,sos_party,
4007,2010-561835-1-190-2,yes,ohmo_party,
4007,2010-561835-1-721-2,yes,top-09_party,
4007,2010-561835-1-7-1,yes,cssd_party,
4007,2010-561835-1-47-4,yes,kscm_party,
4007,2010-561835-1-47-1,yes,kscm_party,
4007,2010-561835-1-190-3,yes,ohmo_party,
4007,2010-561835-1-103-7,yes,sos_party,
4007,2010-561835-1-7-6,yes,cssd_party,
4007,2010-561835-1-190-5,yes,ohmo_party,
4008,2010-561835-1-901-2,abstain,nk_party,
4008,2010-561835-1-103-1,yes,sos_party,
4008,2010-561835-1-190-4,yes,ohmo_party,
4008,2010-561835-1-158-1,abstain,sn_party,
4008,2010-561835-1-190-6,no,ohmo_party,
4008,2010-561835-1-53-4,yes,ods_party,
4008,2010-561835-1-190-1,yes,ohmo_party,
4008,2010-561835-1-103-2,yes,sos_party,
4008,2010-561835-1-190-2,yes,ohmo_party,
4008,2010-561835-1-721-2,abstain,top-09_party,
4008,2010-561835-1-7-1,abstain,cssd_party,
4008,2010-561835-1-47-4,abstain,kscm_party,
4008,2010-561835-1-47-1,yes,kscm_party,
4008,2010-561835-1-190-3,yes,ohmo_party,
4008,2010-561835-1-103-7,yes,sos_party,
4008,2010-561835-1-7-6,yes,cssd_party,
4008,2010-561835-1-190-5,yes,ohmo_party,
4009,2010-561835-1-901-2,yes,nk_party,
4009,2010-561835-1-103-1,yes,sos_party,
4009,2010-561835-1-190-4,yes,ohmo_party,
4009,2010-561835-1-158-1,yes,sn_party,
4009,2010-561835-1-190-6,yes,ohmo_party,
4009,2010-561835-1-53-4,yes,ods_party,
4009,2010-561835-1-190-1,yes,ohmo_party,
4009,2010-561835-1-103-2,yes,sos_party,
4009,2010-561835-1-190-2,yes,ohmo_party,
4009,2010-561835-1-721-2,yes,top-09_party,
4009,2010-561835-1-7-1,yes,cssd_party,
4009,2010-561835-1-47-4,yes,kscm_party,
4009,2010-561835-1-47-1,yes,kscm_party,
4009,2010-561835-1-190-3,yes,ohmo_party,
4009,2010-561835-1-103-7,yes,sos_party,
4009,2010-561835-1-7-6,yes,cssd_party,
4009,2010-561835-1-190-5,yes,ohmo_party,
4010,2010-561835-1-901-2,yes,nk_party,
4010,2010-561835-1-103-1,yes,sos_party,
4010,2010-561835-1-190-4,yes,ohmo_party,
4010,2010-561835-1-158-1,yes,sn_party,
4010,2010-561835-1-190-6,yes,ohmo_party,
4010,2010-561835-1-53-4,yes,ods_party,
4010,2010-561835-1-190-1,yes,ohmo_party,
4010,2010-561835-1-103-2,yes,sos_party,
4010,2010-561835-1-190-2,absent,ohmo_party,
4010,2010-561835-1-721-2,yes,top-09_party,
4010,2010-561835-1-7-1,yes,cssd_party,
4010,2010-561835-1-47-4,absent,kscm_party,
4010,2010-561835-1-47-1,yes,kscm_party,
4010,2010-561835-1-190-3,yes,ohmo_party,
4010,2010-561835-1-103-7,yes,sos_party,
4010,2010-561835-1-7-6,yes,cssd_party,
4010,2010-561835-1-190-5,yes,ohmo_party,
4011,2010-561835-1-901-2,yes,nk_party,
4011,2010-561835-1-103-1,yes,sos_party,
4011,2010-561835-1-190-4,yes,ohmo_party,
4011,2010-561835-1-158-1,no,sn_party,
4011,2010-561835-1-190-6,yes,ohmo_party,
4011,2010-561835-1-53-4,yes,ods_party,
4011,2010-561835-1-190-1,yes,ohmo_party,
4011,2010-561835-1-103-2,yes,sos_party,
4011,2010-561835-1-190-2,yes,ohmo_party,
4011,2010-561835-1-721-2,no,top-09_party,
4011,2010-561835-1-7-1,yes,cssd_party,
4011,2010-561835-1-47-4,yes,kscm_party,
4011,2010-561835-1-47-1,no,kscm_party,
4011,2010-561835-1-190-3,yes,ohmo_party,
4011,2010-561835-1-103-7,yes,sos_party,
4011,2010-561835-1-7-6,yes,cssd_party,
4011,2010-561835-1-190-5,yes,ohmo_party,
4012,2010-561835-1-901-2,yes,nk_party,
4012,2010-561835-1-103-1,yes,sos_party,
4012,2010-561835-1-190-4,yes,ohmo_party,
4012,2010-561835-1-158-1,yes,sn_party,
4012,2010-561835-1-190-6,yes,ohmo_party,
4012,2010-561835-1-53-4,yes,ods_party,
4012,2010-561835-1-190-1,yes,ohmo_party,
4012,2010-561835-1-103-2,yes,sos_party,
4012,2010-561835-1-190-2,yes,ohmo_party,
4012,2010-561835-1-721-2,yes,top-09_party,
4012,2010-561835-1-7-1,yes,cssd_party,
4012,2010-561835-1-47-4,yes,kscm_party,
4012,2010-561835-1-47-1,yes,kscm_party,
4012,2010-561835-1-190-3,yes,ohmo_party,
4012,2010-561835-1-103-7,yes,sos_party,
4012,2010-561835-1-7-6,yes,cssd_party,
4012,2010-561835-1-190-5,yes,ohmo_party,
4013,2010-561835-1-901-2,yes,nk_party,
4013,2010-561835-1-103-1,yes,sos_party,
4013,2010-561835-1-190-4,yes,ohmo_party,
4013,2010-561835-1-158-1,yes,sn_party,
4013,2010-561835-1-190-6,abstain,ohmo_party,
4013,2010-561835-1-53-4,yes,ods_party,
4013,2010-561835-1-190-1,yes,ohmo_party,
4013,2010-561835-1-103-2,yes,sos_party,
4013,2010-561835-1-190-2,yes,ohmo_party,
4013,2010-561835-1-721-2,yes,top-09_party,
4013,2010-561835-1-7-1,abstain,cssd_party,
4013,2010-561835-1-47-4,abstain,kscm_party,
4013,2010-561835-1-47-1,yes,kscm_party,
4013,2010-561835-1-190-3,yes,ohmo_party,
4013,2010-561835-1-103-7,yes,sos_party,
4013,2010-561835-1-7-6,yes,cssd_party,
4013,2010-561835-1-190-5,yes,ohmo_party,
4014,2010-561835-1-901-2,yes,nk_party,
4014,2010-561835-1-103-1,yes,sos_party,
4014,2010-561835-1-190-4,yes,ohmo_party,
4014,2010-561835-1-158-1,yes,sn_party,
4014,2010-561835-1-190-6,yes,ohmo_party,
4014,2010-561835-1-53-4,yes,ods_party,
4014,2010-561835-1-190-1,yes,ohmo_party,
4014,2010-561835-1-103-2,yes,sos_party,
4014,2010-561835-1-190-2,yes,ohmo_party,
4014,2010-561835-1-721-2,yes,top-09_party,
4014,2010-561835-1-7-1,abstain,cssd_party,
4014,2010-561835-1-47-4,yes,kscm_party,
4014,2010-561835-1-47-1,yes,kscm_party,
4014,2010-561835-1-190-3,yes,ohmo_party,
4014,2010-561835-1-103-7,yes,sos_party,
4014,2010-561835-1-7-6,yes,cssd_party,
4014,2010-561835-1-190-5,absent,ohmo_party,
4015,2010-561835-1-901-2,yes,nk_party,
4015,2010-561835-1-103-1,yes,sos_party,
4015,2010-561835-1-190-4,yes,ohmo_party,
4015,2010-561835-1-158-1,yes,sn_party,
4015,2010-561835-1-190-6,yes,ohmo_party,
4015,2010-561835-1-53-4,yes,ods_party,
4015,2010-561835-1-190-1,yes,ohmo_party,
4015,2010-561835-1-103-2,yes,sos_party,
4015,2010-561835-1-190-2,yes,ohmo_party,
4015,2010-561835-1-721-2,yes,top-09_party,
4015,2010-561835-1-7-1,yes,cssd_party,
4015,2010-561835-1-47-4,yes,kscm_party,
4015,2010-561835-1-47-1,yes,kscm_party,
4015,2010-561835-1-190-3,yes,ohmo_party,
4015,2010-561835-1-103-7,yes,sos_party,
4015,2010-561835-1-7-6,yes,cssd_party,
4015,2010-561835-1-190-5,absent,ohmo_party,
4016,2010-561835-1-901-2,yes,nk_party,
4016,2010-561835-1-103-1,yes,sos_party,
4016,2010-561835-1-190-4,yes,ohmo_party,
4016,2010-561835-1-158-1,yes,sn_party,
4016,2010-561835-1-190-6,yes,ohmo_party,
4016,2010-561835-1-53-4,yes,ods_party,
4016,2010-561835-1-190-1,yes,ohmo_party,
4016,2010-561835-1-103-2,yes,sos_party,
4016,2010-561835-1-190-2,abstain,ohmo_party,
4016,2010-561835-1-721-2,yes,top-09_party,
4016,2010-561835-1-7-1,yes,cssd_party,
4016,2010-561835-1-47-4,yes,kscm_party,
4016,2010-561835-1-47-1,yes,kscm_party,
4016,2010-561835-1-190-3,yes,ohmo_party,
4016,2010-561835-1-103-7,yes,sos_party,
4016,2010-561835-1-7-6,yes,cssd_party,
4016,2010-561835-1-190-5,absent,ohmo_party,
4017,2010-561835-1-901-2,yes,nk_party,
4017,2010-561835-1-103-1,yes,sos_party,
4017,2010-561835-1-190-4,yes,ohmo_party,
4017,2010-561835-1-158-1,yes,sn_party,
4017,2010-561835-1-190-6,yes,ohmo_party,
4017,2010-561835-1-53-4,yes,ods_party,
4017,2010-561835-1-190-1,yes,ohmo_party,
4017,2010-561835-1-103-2,yes,sos_party,
4017,2010-561835-1-190-2,yes,ohmo_party,
4017,2010-561835-1-721-2,yes,top-09_party,
4017,2010-561835-1-7-1,yes,cssd_party,
4017,2010-561835-1-47-4,yes,kscm_party,
4017,2010-561835-1-47-1,yes,kscm_party,
4017,2010-561835-1-190-3,yes,ohmo_party,
4017,2010-561835-1-103-7,yes,sos_party,
4017,2010-561835-1-7-6,yes,cssd_party,
4017,2010-561835-1-190-5,yes,ohmo_party,
5001,2010-561835-1-901-2,abstain,nk_party,
5001,2010-561835-1-103-1,yes,sos_party,
5001,2010-561835-1-190-4,yes,ohmo_party,
5001,2010-561835-1-158-1,yes,sn_party,
5001,2010-561835-1-190-6,yes,ohmo_party,
5001,2010-561835-1-53-4,yes,ods_party,
5001,2010-561835-1-190-1,yes,ohmo_party,
5001,2010-561835-1-103-2,absent,sos_party,
5001,2010-561835-1-190-2,absent,ohmo_party,
5001,2010-561835-1-721-2,yes,top-09_party,
5001,2010-561835-1-7-1,absent,cssd_party,
5001,2010-561835-1-47-4,yes,kscm_party,
5001,2010-561835-1-47-1,yes,kscm_party,
5001,2010-561835-1-190-3,yes,ohmo_party,
5001,2010-561835-1-103-7,yes,sos_party,
5001,2010-561835-1-7-6,yes,cssd_party,
5001,2010-561835-1-190-5,absent,ohmo_party,
5002,2010-561835-1-901-2,abstain,nk_party,
5002,2010-561835-1-103-1,yes,sos_party,
5002,2010-561835-1-190-4,yes,ohmo_party,
5002,2010-561835-1-158-1,yes,sn_party,
5002,2010-561835-1-190-6,yes,ohmo_party,
5002,2010-561835-1-53-4,yes,ods_party,
5002,2010-561835-1-190-1,yes,ohmo_party,
5002,2010-561835-1-103-2,absent,sos_party,
5002,2010-561835-1-190-2,absent,ohmo_party,
5002,2010-561835-1-721-2,yes,top-09_party,
5002,2010-561835-1-7-1,absent,cssd_party,
5002,2010-561835-1-47-4,yes,kscm_party,
5002,2010-561835-1-47-1,yes,kscm_party,
5002,2010-561835-1-190-3,yes,ohmo_party,
5002,2010-561835-1-103-7,yes,sos_party,
5002,2010-561835-1-7-6,yes,cssd_party,
5002,2010-561835-1-190-5,absent,ohmo_party,
5003,2010-561835-1-901-2,yes,nk_party,
5003,2010-561835-1-103-1,yes,sos_party,
5003,2010-561835-1-190-4,yes,ohmo_party,
5003,2010-561835-1-158-1,yes,sn_party,
5003,2010-561835-1-190-6,yes,ohmo_party,
5003,2010-561835-1-53-4,yes,ods_party,
5003,2010-561835-1-190-1,yes,ohmo_party,
5003,2010-561835-1-103-2,absent,sos_party,
5003,2010-561835-1-190-2,absent,ohmo_party,
5003,2010-561835-1-721-2,yes,top-09_party,
5003,2010-561835-1-7-1,absent,cssd_party,
5003,2010-561835-1-47-4,yes,kscm_party,
5003,2010-561835-1-47-1,yes,kscm_party,
5003,2010-561835-1-190-3,yes,ohmo_party,
5003,2010-561835-1-103-7,yes,sos_party,
5003,2010-561835-1-7-6,yes,cssd_party,
5003,2010-561835-1-190-5,absent,ohmo_party,
5004,2010-561835-1-901-2,yes,nk_party,
5004,2010-561835-1-103-1,yes,sos_party,
5004,2010-561835-1-190-4,yes,ohmo_party,
5004,2010-561835-1-158-1,yes,sn_party,
5004,2010-561835-1-190-6,yes,ohmo_party,
5004,2010-561835-1-53-4,yes,ods_party,
5004,2010-561835-1-190-1,yes,ohmo_party,
5004,2010-561835-1-103-2,absent,sos_party,
5004,2010-561835-1-190-2,absent,ohmo_party,
5004,2010-561835-1-721-2,yes,top-09_party,
5004,2010-561835-1-7-1,absent,cssd_party,
5004,2010-561835-1-47-4,abstain,kscm_party,
5004,2010-561835-1-47-1,yes,kscm_party,
5004,2010-561835-1-190-3,yes,ohmo_party,
5004,2010-561835-1-103-7,yes,sos_party,
5004,2010-561835-1-7-6,yes,cssd_party,
5004,2010-561835-1-190-5,absent,ohmo_party,
5005,2010-561835-1-901-2,absent,nk_party,
5005,2010-561835-1-103-1,yes,sos_party,
5005,2010-561835-1-190-4,yes,ohmo_party,
5005,2010-561835-1-158-1,yes,sn_party,
5005,2010-561835-1-190-6,yes,ohmo_party,
5005,2010-561835-1-53-4,yes,ods_party,
5005,2010-561835-1-190-1,yes,ohmo_party,
5005,2010-561835-1-103-2,absent,sos_party,
5005,2010-561835-1-190-2,absent,ohmo_party,
5005,2010-561835-1-721-2,yes,top-09_party,
5005,2010-561835-1-7-1,absent,cssd_party,
5005,2010-561835-1-47-4,abstain,kscm_party,
5005,2010-561835-1-47-1,yes,kscm_party,
5005,2010-561835-1-190-3,yes,ohmo_party,
5005,2010-561835-1-103-7,yes,sos_party,
5005,2010-561835-1-7-6,yes,cssd_party,
5005,2010-561835-1-190-5,absent,ohmo_party,
5006,2010-561835-1-901-2,yes,nk_party,
5006,2010-561835-1-103-1,yes,sos_party,
5006,2010-561835-1-190-4,yes,ohmo_party,
5006,2010-561835-1-158-1,yes,sn_party,
5006,2010-561835-1-190-6,yes,ohmo_party,
5006,2010-561835-1-53-4,yes,ods_party,
5006,2010-561835-1-190-1,yes,ohmo_party,
5006,2010-561835-1-103-2,absent,sos_party,
5006,2010-561835-1-190-2,absent,ohmo_party,
5006,2010-561835-1-721-2,yes,top-09_party,
5006,2010-561835-1-7-1,absent,cssd_party,
5006,2010-561835-1-47-4,abstain,kscm_party,
5006,2010-561835-1-47-1,yes,kscm_party,
5006,2010-561835-1-190-3,yes,ohmo_party,
5006,2010-561835-1-103-7,yes,sos_party,
5006,2010-561835-1-7-6,yes,cssd_party,
5006,2010-561835-1-190-5,absent,ohmo_party,
5007,2010-561835-1-901-2,yes,nk_party,
5007,2010-561835-1-103-1,yes,sos_party,
5007,2010-561835-1-190-4,yes,ohmo_party,
5007,2010-561835-1-158-1,no,sn_party,
5007,2010-561835-1-190-6,yes,ohmo_party,
5007,2010-561835-1-53-4,yes,ods_party,
5007,2010-561835-1-190-1,yes,ohmo_party,
5007,2010-561835-1-103-2,yes,sos_party,
5007,2010-561835-1-190-2,absent,ohmo_party,
5007,2010-561835-1-721-2,abstain,top-09_party,
5007,2010-561835-1-7-1,absent,cssd_party,
5007,2010-561835-1-47-4,yes,kscm_party,
5007,2010-561835-1-47-1,yes,kscm_party,
5007,2010-561835-1-190-3,yes,ohmo_party,
5007,2010-561835-1-103-7,yes,sos_party,
5007,2010-561835-1-7-6,yes,cssd_party,
5007,2010-561835-1-190-5,absent,ohmo_party,
5008,2010-561835-1-901-2,yes,nk_party,
5008,2010-561835-1-103-1,yes,sos_party,
5008,2010-561835-1-190-4,yes,ohmo_party,
5008,2010-561835-1-158-1,yes,sn_party,
5008,2010-561835-1-190-6,yes,ohmo_party,
5008,2010-561835-1-53-4,yes,ods_party,
5008,2010-561835-1-190-1,yes,ohmo_party,
5008,2010-561835-1-103-2,yes,sos_party,
5008,2010-561835-1-190-2,absent,ohmo_party,
5008,2010-561835-1-721-2,yes,top-09_party,
5008,2010-561835-1-7-1,absent,cssd_party,
5008,2010-561835-1-47-4,yes,kscm_party,
5008,2010-561835-1-47-1,yes,kscm_party,
5008,2010-561835-1-190-3,yes,ohmo_party,
5008,2010-561835-1-103-7,yes,sos_party,
5008,2010-561835-1-7-6,yes,cssd_party,
5008,2010-561835-1-190-5,absent,ohmo_party,
5009,2010-561835-1-901-2,yes,nk_party,
5009,2010-561835-1-103-1,yes,sos_party,
5009,2010-561835-1-190-4,yes,ohmo_party,
5009,2010-561835-1-158-1,yes,sn_party,
5009,2010-561835-1-190-6,no,ohmo_party,
5009,2010-561835-1-53-4,yes,ods_party,
5009,2010-561835-1-190-1,yes,ohmo_party,
5009,2010-561835-1-103-2,yes,sos_party,
5009,2010-561835-1-190-2,absent,ohmo_party,
5009,2010-561835-1-721-2,yes,top-09_party,
5009,2010-561835-1-7-1,absent,cssd_party,
5009,2010-561835-1-47-4,yes,kscm_party,
5009,2010-561835-1-47-1,yes,kscm_party,
5009,2010-561835-1-190-3,yes,ohmo_party,
5009,2010-561835-1-103-7,yes,sos_party,
5009,2010-561835-1-7-6,yes,cssd_party,
5009,2010-561835-1-190-5,absent,ohmo_party,
5010,2010-561835-1-901-2,yes,nk_party,
5010,2010-561835-1-103-1,yes,sos_party,
5010,2010-561835-1-190-4,yes,ohmo_party,
5010,2010-561835-1-158-1,yes,sn_party,
5010,2010-561835-1-190-6,abstain,ohmo_party,
5010,2010-561835-1-53-4,yes,ods_party,
5010,2010-561835-1-190-1,yes,ohmo_party,
5010,2010-561835-1-103-2,yes,sos_party,
5010,2010-561835-1-190-2,absent,ohmo_party,
5010,2010-561835-1-721-2,yes,top-09_party,
5010,2010-561835-1-7-1,absent,cssd_party,
5010,2010-561835-1-47-4,abstain,kscm_party,
5010,2010-561835-1-47-1,yes,kscm_party,
5010,2010-561835-1-190-3,yes,ohmo_party,
5010,2010-561835-1-103-7,yes,sos_party,
5010,2010-561835-1-7-6,yes,cssd_party,
5010,2010-561835-1-190-5,absent,ohmo_party,
5011,2010-561835-1-901-2,yes,nk_party,
5011,2010-561835-1-103-1,yes,sos_party,
5011,2010-561835-1-190-4,yes,ohmo_party,
5011,2010-561835-1-158-1,yes,sn_party,
5011,2010-561835-1-190-6,yes,ohmo_party,
5011,2010-561835-1-53-4,yes,ods_party,
5011,2010-561835-1-190-1,yes,ohmo_party,
5011,2010-561835-1-103-2,yes,sos_party,
5011,2010-561835-1-190-2,absent,ohmo_party,
5011,2010-561835-1-721-2,yes,top-09_party,
5011,2010-561835-1-7-1,absent,cssd_party,
5011,2010-561835-1-47-4,abstain,kscm_party,
5011,2010-561835-1-47-1,yes,kscm_party,
5011,2010-561835-1-190-3,yes,ohmo_party,
5011,2010-561835-1-103-7,yes,sos_party,
5011,2010-561835-1-7-6,yes,cssd_party,
5011,2010-561835-1-190-5,absent,ohmo_party,
5012,2010-561835-1-901-2,yes,nk_party,
5012,2010-561835-1-103-1,yes,sos_party,
5012,2010-561835-1-190-4,yes,ohmo_party,
5012,2010-561835-1-158-1,yes,sn_party,
5012,2010-561835-1-190-6,yes,ohmo_party,
5012,2010-561835-1-53-4,yes,ods_party,
5012,2010-561835-1-190-1,yes,ohmo_party,
5012,2010-561835-1-103-2,yes,sos_party,
5012,2010-561835-1-190-2,absent,ohmo_party,
5012,2010-561835-1-721-2,yes,top-09_party,
5012,2010-561835-1-7-1,absent,cssd_party,
5012,2010-561835-1-47-4,yes,kscm_party,
5012,2010-561835-1-47-1,yes,kscm_party,
5012,2010-561835-1-190-3,yes,ohmo_party,
5012,2010-561835-1-103-7,yes,sos_party,
5012,2010-561835-1-7-6,yes,cssd_party,
5012,2010-561835-1-190-5,absent,ohmo_party,
6001,2010-561835-1-901-2,absent,nk_party,
6001,2010-561835-1-103-1,yes,sos_party,
6001,2010-561835-1-190-4,yes,ohmo_party,
6001,2010-561835-1-158-1,absent,sn_party,
6001,2010-561835-1-190-6,yes,ohmo_party,
6001,2010-561835-1-53-4,absent,ods_party,
6001,2010-561835-1-190-1,yes,ohmo_party,
6001,2010-561835-1-103-2,absent,sos_party,
6001,2010-561835-1-190-2,yes,ohmo_party,
6001,2010-561835-1-721-2,yes,top-09_party,
6001,2010-561835-1-7-1,yes,cssd_party,
6001,2010-561835-1-47-4,yes,kscm_party,
6001,2010-561835-1-47-1,absent,kscm_party,
6001,2010-561835-1-190-3,yes,ohmo_party,
6001,2010-561835-1-103-7,absent,sos_party,
6001,2010-561835-1-7-6,yes,cssd_party,
6001,2010-561835-1-190-5,yes,ohmo_party,
6002,2010-561835-1-901-2,absent,nk_party,
6002,2010-561835-1-103-1,yes,sos_party,
6002,2010-561835-1-190-4,yes,ohmo_party,
6002,2010-561835-1-158-1,absent,sn_party,
6002,2010-561835-1-190-6,yes,ohmo_party,
6002,2010-561835-1-53-4,absent,ods_party,
6002,2010-561835-1-190-1,yes,ohmo_party,
6002,2010-561835-1-103-2,absent,sos_party,
6002,2010-561835-1-190-2,yes,ohmo_party,
6002,2010-561835-1-721-2,yes,top-09_party,
6002,2010-561835-1-7-1,yes,cssd_party,
6002,2010-561835-1-47-4,yes,kscm_party,
6002,2010-561835-1-47-1,absent,kscm_party,
6002,2010-561835-1-190-3,yes,ohmo_party,
6002,2010-561835-1-103-7,absent,sos_party,
6002,2010-561835-1-7-6,yes,cssd_party,
6002,2010-561835-1-190-5,yes,ohmo_party,
6003,2010-561835-1-901-2,absent,nk_party,
6003,2010-561835-1-103-1,yes,sos_party,
6003,2010-561835-1-190-4,yes,ohmo_party,
6003,2010-561835-1-158-1,absent,sn_party,
6003,2010-561835-1-190-6,yes,ohmo_party,
6003,2010-561835-1-53-4,absent,ods_party,
6003,2010-561835-1-190-1,yes,ohmo_party,
6003,2010-561835-1-103-2,yes,sos_party,
6003,2010-561835-1-190-2,yes,ohmo_party,
6003,2010-561835-1-721-2,yes,top-09_party,
6003,2010-561835-1-7-1,abstain,cssd_party,
6003,2010-561835-1-47-4,yes,kscm_party,
6003,2010-561835-1-47-1,absent,kscm_party,
6003,2010-561835-1-190-3,yes,ohmo_party,
6003,2010-561835-1-103-7,absent,sos_party,
6003,2010-561835-1-7-6,yes,cssd_party,
6003,2010-561835-1-190-5,yes,ohmo_party,
6004,2010-561835-1-901-2,absent,nk_party,
6004,2010-561835-1-103-1,yes,sos_party,
6004,2010-561835-1-190-4,yes,ohmo_party,
6004,2010-561835-1-158-1,absent,sn_party,
6004,2010-561835-1-190-6,yes,ohmo_party,
6004,2010-561835-1-53-4,absent,ods_party,
6004,2010-561835-1-190-1,yes,ohmo_party,
6004,2010-561835-1-103-2,yes,sos_party,
6004,2010-561835-1-190-2,yes,ohmo_party,
6004,2010-561835-1-721-2,yes,top-09_party,
6004,2010-561835-1-7-1,yes,cssd_party,
6004,2010-561835-1-47-4,yes,kscm_party,
6004,2010-561835-1-47-1,absent,kscm_party,
6004,2010-561835-1-190-3,yes,ohmo_party,
6004,2010-561835-1-103-7,absent,sos_party,
6004,2010-561835-1-7-6,yes,cssd_party,
6004,2010-561835-1-190-5,yes,ohmo_party,
6005,2010-561835-1-901-2,absent,nk_party,
6005,2010-561835-1-103-1,yes,sos_party,
6005,2010-561835-1-190-4,yes,ohmo_party,
6005,2010-561835-1-158-1,absent,sn_party,
6005,2010-561835-1-190-6,yes,ohmo_party,
6005,2010-561835-1-53-4,absent,ods_party,
6005,2010-561835-1-190-1,yes,ohmo_party,
6005,2010-561835-1-103-2,yes,sos_party,
6005,2010-561835-1-190-2,yes,ohmo_party,
6005,2010-561835-1-721-2,yes,top-09_party,
6005,2010-561835-1-7-1,abstain,cssd_party,
6005,2010-561835-1-47-4,yes,kscm_party,
6005,2010-561835-1-47-1,absent,kscm_party,
6005,2010-561835-1-190-3,yes,ohmo_party,
6005,2010-561835-1-103-7,absent,sos_party,
6005,2010-561835-1-7-6,yes,cssd_party,
6005,2010-561835-1-190-5,yes,ohmo_party,
6006,2010-561835-1-901-2,yes,nk_party,
6006,2010-561835-1-103-1,yes,sos_party,
6006,2010-561835-1-190-4,yes,ohmo_party,
6006,2010-561835-1-158-1,absent,sn_party,
6006,2010-561835-1-190-6,yes,ohmo_party,
6006,2010-561835-1-53-4,absent,ods_party,
6006,2010-561835-1-190-1,yes,ohmo_party,
6006,2010-561835-1-103-2,yes,sos_party,
6006,2010-561835-1-190-2,yes,ohmo_party,
6006,2010-561835-1-721-2,yes,top-09_party,
6006,2010-561835-1-7-1,yes,cssd_party,
6006,2010-561835-1-47-4,yes,kscm_party,
6006,2010-561835-1-47-1,absent,kscm_party,
6006,2010-561835-1-190-3,yes,ohmo_party,
6006,2010-561835-1-103-7,absent,sos_party,
6006,2010-561835-1-7-6,yes,cssd_party,
6006,2010-561835-1-190-5,yes,ohmo_party,
6007,2010-561835-1-901-2,yes,nk_party,
6007,2010-561835-1-103-1,yes,sos_party,
6007,2010-561835-1-190-4,yes,ohmo_party,
6007,2010-561835-1-158-1,absent,sn_party,
6007,2010-561835-1-190-6,yes,ohmo_party,
6007,2010-561835-1-53-4,absent,ods_party,
6007,2010-561835-1-190-1,yes,ohmo_party,
6007,2010-561835-1-103-2,yes,sos_party,
6007,2010-561835-1-190-2,yes,ohmo_party,
6007,2010-561835-1-721-2,yes,top-09_party,
6007,2010-561835-1-7-1,yes,cssd_party,
6007,2010-561835-1-47-4,yes,kscm_party,
6007,2010-561835-1-47-1,absent,kscm_party,
6007,2010-561835-1-190-3,yes,ohmo_party,
6007,2010-561835-1-103-7,absent,sos_party,
6007,2010-561835-1-7-6,yes,cssd_party,
6007,2010-561835-1-190-5,yes,ohmo_party,
6008,2010-561835-1-901-2,yes,nk_party,
6008,2010-561835-1-103-1,yes,sos_party,
6008,2010-561835-1-190-4,yes,ohmo_party,
6008,2010-561835-1-158-1,absent,sn_party,
6008,2010-561835-1-190-6,yes,ohmo_party,
6008,2010-561835-1-53-4,absent,ods_party,
6008,2010-561835-1-190-1,yes,ohmo_party,
6008,2010-561835-1-103-2,yes,sos_party,
6008,2010-561835-1-190-2,yes,ohmo_party,
6008,2010-561835-1-721-2,yes,top-09_party,
6008,2010-561835-1-7-1,yes,cssd_party,
6008,2010-561835-1-47-4,yes,kscm_party,
6008,2010-561835-1-47-1,absent,kscm_party,
6008,2010-561835-1-190-3,yes,ohmo_party,
6008,2010-561835-1-103-7,absent,sos_party,
6008,2010-561835-1-7-6,yes,cssd_party,
6008,2010-561835-1-190-5,yes,ohmo_party,
6009,2010-561835-1-901-2,yes,nk_party,
6009,2010-561835-1-103-1,yes,sos_party,
6009,2010-561835-1-190-4,yes,ohmo_party,
6009,2010-561835-1-158-1,absent,sn_party,
6009,2010-561835-1-190-6,yes,ohmo_party,
6009,2010-561835-1-53-4,absent,ods_party,
6009,2010-561835-1-190-1,yes,ohmo_party,
6009,2010-561835-1-103-2,yes,sos_party,
6009,2010-561835-1-190-2,yes,ohmo_party,
6009,2010-561835-1-721-2,yes,top-09_party,
6009,2010-561835-1-7-1,yes,cssd_party,
6009,2010-561835-1-47-4,yes,kscm_party,
6009,2010-561835-1-47-1,absent,kscm_party,
6009,2010-561835-1-190-3,yes,ohmo_party,
6009,2010-561835-1-103-7,absent,sos_party,
6009,2010-561835-1-7-6,yes,cssd_party,
6009,2010-561835-1-190-5,yes,ohmo_party,
6010,2010-561835-1-901-2,yes,nk_party,
6010,2010-561835-1-103-1,yes,sos_party,
6010,2010-561835-1-190-4,yes,ohmo_party,
6010,2010-561835-1-158-1,absent,sn_party,
6010,2010-561835-1-190-6,yes,ohmo_party,
6010,2010-561835-1-53-4,absent,ods_party,
6010,2010-561835-1-190-1,yes,ohmo_party,
6010,2010-561835-1-103-2,yes,sos_party,
6010,2010-561835-1-190-2,yes,ohmo_party,
6010,2010-561835-1-721-2,yes,top-09_party,
6010,2010-561835-1-7-1,yes,cssd_party,
6010,2010-561835-1-47-4,yes,kscm_party,
6010,2010-561835-1-47-1,absent,kscm_party,
6010,2010-561835-1-190-3,yes,ohmo_party,
6010,2010-561835-1-103-7,absent,sos_party,
6010,2010-561835-1-7-6,yes,cssd_party,
6010,2010-561835-1-190-5,yes,ohmo_party,
6011,2010-561835-1-901-2,yes,nk_party,
6011,2010-561835-1-103-1,yes,sos_party,
6011,2010-561835-1-190-4,yes,ohmo_party,
6011,2010-561835-1-158-1,abstain,sn_party,
6011,2010-561835-1-190-6,yes,ohmo_party,
6011,2010-561835-1-53-4,absent,ods_party,
6011,2010-561835-1-190-1,yes,ohmo_party,
6011,2010-561835-1-103-2,yes,sos_party,
6011,2010-561835-1-190-2,yes,ohmo_party,
6011,2010-561835-1-721-2,yes,top-09_party,
6011,2010-561835-1-7-1,yes,cssd_party,
6011,2010-561835-1-47-4,no,kscm_party,
6011,2010-561835-1-47-1,absent,kscm_party,
6011,2010-561835-1-190-3,yes,ohmo_party,
6011,2010-561835-1-103-7,absent,sos_party,
6011,2010-561835-1-7-6,yes,cssd_party,
6011,2010-561835-1-190-5,yes,ohmo_party,
6012,2010-561835-1-901-2,abstain,nk_party,
6012,2010-561835-1-103-1,yes,sos_party,
6012,2010-561835-1-190-4,yes,ohmo_party,
6012,2010-561835-1-158-1,yes,sn_party,
6012,2010-561835-1-190-6,yes,ohmo_party,
6012,2010-561835-1-53-4,absent,ods_party,
6012,2010-561835-1-190-1,yes,ohmo_party,
6012,2010-561835-1-103-2,yes,sos_party,
6012,2010-561835-1-190-2,yes,ohmo_party,
6012,2010-561835-1-721-2,yes,top-09_party,
6012,2010-561835-1-7-1,abstain,cssd_party,
6012,2010-561835-1-47-4,abstain,kscm_party,
6012,2010-561835-1-47-1,absent,kscm_party,
6012,2010-561835-1-190-3,yes,ohmo_party,
6012,2010-561835-1-103-7,absent,sos_party,
6012,2010-561835-1-7-6,yes,cssd_party,
6012,2010-561835-1-190-5,yes,ohmo_party,
6013,2010-561835-1-901-2,abstain,nk_party,
6013,2010-561835-1-103-1,yes,sos_party,
6013,2010-561835-1-190-4,yes,ohmo_party,
6013,2010-561835-1-158-1,yes,sn_party,
6013,2010-561835-1-190-6,no,ohmo_party,
6013,2010-561835-1-53-4,absent,ods_party,
6013,2010-561835-1-190-1,yes,ohmo_party,
6013,2010-561835-1-103-2,yes,sos_party,
6013,2010-561835-1-190-2,yes,ohmo_party,
6013,2010-561835-1-721-2,yes,top-09_party,
6013,2010-561835-1-7-1,yes,cssd_party,
6013,2010-561835-1-47-4,abstain,kscm_party,
6013,2010-561835-1-47-1,absent,kscm_party,
6013,2010-561835-1-190-3,yes,ohmo_party,
6013,2010-561835-1-103-7,absent,sos_party,
6013,2010-561835-1-7-6,abstain,cssd_party,
6013,2010-561835-1-190-5,yes,ohmo_party,
6014,2010-561835-1-901-2,abstain,nk_party,
6014,2010-561835-1-103-1,yes,sos_party,
6014,2010-561835-1-190-4,yes,ohmo_party,
6014,2010-561835-1-158-1,yes,sn_party,
6014,2010-561835-1-190-6,yes,ohmo_party,
6014,2010-561835-1-53-4,absent,ods_party,
6014,2010-561835-1-190-1,yes,ohmo_party,
6014,2010-561835-1-103-2,yes,sos_party,
6014,2010-561835-1-190-2,yes,ohmo_party,
6014,2010-561835-1-721-2,yes,top-09_party,
6014,2010-561835-1-7-1,yes,cssd_party,
6014,2010-561835-1-47-4,abstain,kscm_party,
6014,2010-561835-1-47-1,absent,kscm_party,
6014,2010-561835-1-190-3,yes,ohmo_party,
6014,2010-561835-1-103-7,absent,sos_party,
6014,2010-561835-1-7-6,yes,cssd_party,
6014,2010-561835-1-190-5,yes,ohmo_party,
6015,2010-561835-1-901-2,abstain,nk_party,
6015,2010-561835-1-103-1,yes,sos_party,
6015,2010-561835-1-190-4,yes,ohmo_party,
6015,2010-561835-1-158-1,yes,sn_party,
6015,2010-561835-1-190-6,yes,ohmo_party,
6015,2010-561835-1-53-4,absent,ods_party,
6015,2010-561835-1-190-1,yes,ohmo_party,
6015,2010-561835-1-103-2,yes,sos_party,
6015,2010-561835-1-190-2,yes,ohmo_party,
6015,2010-561835-1-721-2,yes,top-09_party,
6015,2010-561835-1-7-1,yes,cssd_party,
6015,2010-561835-1-47-4,abstain,kscm_party,
6015,2010-561835-1-47-1,absent,kscm_party,
6015,2010-561835-1-190-3,yes,ohmo_party,
6015,2010-561835-1-103-7,absent,sos_party,
6015,2010-561835-1-7-6,yes,cssd_party,
6015,2010-561835-1-190-5,yes,ohmo_party,
6016,2010-561835-1-901-2,absent,nk_party,
6016,2010-561835-1-103-1,yes,sos_party,
6016,2010-561835-1-190-4,yes,ohmo_party,
6016,2010-561835-1-158-1,yes,sn_party,
6016,2010-561835-1-190-6,yes,ohmo_party,
6016,2010-561835-1-53-4,absent,ods_party,
6016,2010-561835-1-190-1,yes,ohmo_party,
6016,2010-561835-1-103-2,yes,sos_party,
6016,2010-561835-1-190-2,yes,ohmo_party,
6016,2010-561835-1-721-2,yes,top-09_party,
6016,2010-561835-1-7-1,yes,cssd_party,
6016,2010-561835-1-47-4,yes,kscm_party,
6016,2010-561835-1-47-1,absent,kscm_party,
6016,2010-561835-1-190-3,yes,ohmo_party,
6016,2010-561835-1-103-7,absent,sos_party,
6016,2010-561835-1-7-6,yes,cssd_party,
6016,2010-561835-1-190-5,yes,ohmo_party,
6017,2010-561835-1-901-2,yes,nk_party,
6017,2010-561835-1-103-1,yes,sos_party,
6017,2010-561835-1-190-4,yes,ohmo_party,
6017,2010-561835-1-158-1,yes,sn_party,
6017,2010-561835-1-190-6,yes,ohmo_party,
6017,2010-561835-1-53-4,absent,ods_party,
6017,2010-561835-1-190-1,yes,ohmo_party,
6017,2010-561835-1-103-2,yes,sos_party,
6017,2010-561835-1-190-2,yes,ohmo_party,
6017,2010-561835-1-721-2,yes,top-09_party,
6017,2010-561835-1-7-1,yes,cssd_party,
6017,2010-561835-1-47-4,abstain,kscm_party,
6017,2010-561835-1-47-1,absent,kscm_party,
6017,2010-561835-1-190-3,yes,ohmo_party,
6017,2010-561835-1-103-7,absent,sos_party,
6017,2010-561835-1-7-6,yes,cssd_party,
6017,2010-561835-1-190-5,yes,ohmo_party,
6018,2010-561835-1-901-2,no,nk_party,
6018,2010-561835-1-103-1,no,sos_party,
6018,2010-561835-1-190-4,no,ohmo_party,
6018,2010-561835-1-158-1,no,sn_party,
6018,2010-561835-1-190-6,yes,ohmo_party,
6018,2010-561835-1-53-4,absent,ods_party,
6018,2010-561835-1-190-1,yes,ohmo_party,
6018,2010-561835-1-103-2,abstain,sos_party,
6018,2010-561835-1-190-2,abstain,ohmo_party,
6018,2010-561835-1-721-2,no,top-09_party,
6018,2010-561835-1-7-1,no,cssd_party,
6018,2010-561835-1-47-4,abstain,kscm_party,
6018,2010-561835-1-47-1,absent,kscm_party,
6018,2010-561835-1-190-3,no,ohmo_party,
6018,2010-561835-1-103-7,absent,sos_party,
6018,2010-561835-1-7-6,abstain,cssd_party,
6018,2010-561835-1-190-5,abstain,ohmo_party,
6019,2010-561835-1-901-2,yes,nk_party,
6019,2010-561835-1-103-1,yes,sos_party,
6019,2010-561835-1-190-4,yes,ohmo_party,
6019,2010-561835-1-158-1,yes,sn_party,
6019,2010-561835-1-190-6,yes,ohmo_party,
6019,2010-561835-1-53-4,absent,ods_party,
6019,2010-561835-1-190-1,yes,ohmo_party,
6019,2010-561835-1-103-2,yes,sos_party,
6019,2010-561835-1-190-2,yes,ohmo_party,
6019,2010-561835-1-721-2,yes,top-09_party,
6019,2010-561835-1-7-1,yes,cssd_party,
6019,2010-561835-1-47-4,yes,kscm_party,
6019,2010-561835-1-47-1,absent,kscm_party,
6019,2010-561835-1-190-3,abstain,ohmo_party,
6019,2010-561835-1-103-7,absent,sos_party,
6019,2010-561835-1-7-6,yes,cssd_party,
6019,2010-561835-1-190-5,yes,ohmo_party,
6020,2010-561835-1-901-2,yes,nk_party,
6020,2010-561835-1-103-1,yes,sos_party,
6020,2010-561835-1-190-4,yes,ohmo_party,
6020,2010-561835-1-158-1,no,sn_party,
6020,2010-561835-1-190-6,abstain,ohmo_party,
6020,2010-561835-1-53-4,absent,ods_party,
6020,2010-561835-1-190-1,yes,ohmo_party,
6020,2010-561835-1-103-2,yes,sos_party,
6020,2010-561835-1-190-2,yes,ohmo_party,
6020,2010-561835-1-721-2,abstain,top-09_party,
6020,2010-561835-1-7-1,no,cssd_party,
6020,2010-561835-1-47-4,abstain,kscm_party,
6020,2010-561835-1-47-1,absent,kscm_party,
6020,2010-561835-1-190-3,yes,ohmo_party,
6020,2010-561835-1-103-7,absent,sos_party,
6020,2010-561835-1-7-6,yes,cssd_party,
6020,2010-561835-1-190-5,yes,ohmo_party,
6021,2010-561835-1-901-2,yes,nk_party,
6021,2010-561835-1-103-1,yes,sos_party,
6021,2010-561835-1-190-4,yes,ohmo_party,
6021,2010-561835-1-158-1,yes,sn_party,
6021,2010-561835-1-190-6,yes,ohmo_party,
6021,2010-561835-1-53-4,absent,ods_party,
6021,2010-561835-1-190-1,yes,ohmo_party,
6021,2010-561835-1-103-2,absent,sos_party,
6021,2010-561835-1-190-2,yes,ohmo_party,
6021,2010-561835-1-721-2,yes,top-09_party,
6021,2010-561835-1-7-1,yes,cssd_party,
6021,2010-561835-1-47-4,yes,kscm_party,
6021,2010-561835-1-47-1,absent,kscm_party,
6021,2010-561835-1-190-3,yes,ohmo_party,
6021,2010-561835-1-103-7,absent,sos_party,
6021,2010-561835-1-7-6,yes,cssd_party,
6021,2010-561835-1-190-5,yes,ohmo_party,
6022,2010-561835-1-901-2,yes,nk_party,
6022,2010-561835-1-103-1,yes,sos_party,
6022,2010-561835-1-190-4,yes,ohmo_party,
6022,2010-561835-1-158-1,absent,sn_party,
6022,2010-561835-1-190-6,abstain,ohmo_party,
6022,2010-561835-1-53-4,absent,ods_party,
6022,2010-561835-1-190-1,yes,ohmo_party,
6022,2010-561835-1-103-2,yes,sos_party,
6022,2010-561835-1-190-2,yes,ohmo_party,
6022,2010-561835-1-721-2,yes,top-09_party,
6022,2010-561835-1-7-1,abstain,cssd_party,
6022,2010-561835-1-47-4,yes,kscm_party,
6022,2010-561835-1-47-1,absent,kscm_party,
6022,2010-561835-1-190-3,yes,ohmo_party,
6022,2010-561835-1-103-7,absent,sos_party,
6022,2010-561835-1-7-6,yes,cssd_party,
6022,2010-561835-1-190-5,yes,ohmo_party,
6023,2010-561835-1-901-2,yes,nk_party,
6023,2010-561835-1-103-1,yes,sos_party,
6023,2010-561835-1-190-4,yes,ohmo_party,
6023,2010-561835-1-158-1,absent,sn_party,
6023,2010-561835-1-190-6,abstain,ohmo_party,
6023,2010-561835-1-53-4,absent,ods_party,
6023,2010-561835-1-190-1,yes,ohmo_party,
6023,2010-561835-1-103-2,yes,sos_party,
6023,2010-561835-1-190-2,yes,ohmo_party,
6023,2010-561835-1-721-2,yes,top-09_party,
6023,2010-561835-1-7-1,yes,cssd_party,
6023,2010-561835-1-47-4,yes,kscm_party,
6023,2010-561835-1-47-1,absent,kscm_party,
6023,2010-561835-1-190-3,yes,ohmo_party,
6023,2010-561835-1-103-7,absent,sos_party,
6023,2010-561835-1-7-6,yes,cssd_party,
6023,2010-561835-1-190-5,yes,ohmo_party,
6024,2010-561835-1-901-2,yes,nk_party,
6024,2010-561835-1-103-1,yes,sos_party,
6024,2010-561835-1-190-4,yes,ohmo_party,
6024,2010-561835-1-158-1,absent,sn_party,
6024,2010-561835-1-190-6,yes,ohmo_party,
6024,2010-561835-1-53-4,absent,ods_party,
6024,2010-561835-1-190-1,yes,ohmo_party,
6024,2010-561835-1-103-2,yes,sos_party,
6024,2010-561835-1-190-2,yes,ohmo_party,
6024,2010-561835-1-721-2,yes,top-09_party,
6024,2010-561835-1-7-1,yes,cssd_party,
6024,2010-561835-1-47-4,abstain,kscm_party,
6024,2010-561835-1-47-1,absent,kscm_party,
6024,2010-561835-1-190-3,yes,ohmo_party,
6024,2010-561835-1-103-7,absent,sos_party,
6024,2010-561835-1-7-6,yes,cssd_party,
6024,2010-561835-1-190-5,yes,ohmo_party,
6025,2010-561835-1-901-2,yes,nk_party,
6025,2010-561835-1-103-1,yes,sos_party,
6025,2010-561835-1-190-4,yes,ohmo_party,
6025,2010-561835-1-158-1,absent,sn_party,
6025,2010-561835-1-190-6,yes,ohmo_party,
6025,2010-561835-1-53-4,absent,ods_party,
6025,2010-561835-1-190-1,yes,ohmo_party,
6025,2010-561835-1-103-2,yes,sos_party,
6025,2010-561835-1-190-2,yes,ohmo_party,
6025,2010-561835-1-721-2,abstain,top-09_party,
6025,2010-561835-1-7-1,yes,cssd_party,
6025,2010-561835-1-47-4,abstain,kscm_party,
6025,2010-561835-1-47-1,absent,kscm_party,
6025,2010-561835-1-190-3,yes,ohmo_party,
6025,2010-561835-1-103-7,absent,sos_party,
6025,2010-561835-1-7-6,yes,cssd_party,
6025,2010-561835-1-190-5,yes,ohmo_party,
6026,2010-561835-1-901-2,yes,nk_party,
6026,2010-561835-1-103-1,yes,sos_party,
6026,2010-561835-1-190-4,yes,ohmo_party,
6026,2010-561835-1-158-1,absent,sn_party,
6026,2010-561835-1-190-6,yes,ohmo_party,
6026,2010-561835-1-53-4,absent,ods_party,
6026,2010-561835-1-190-1,yes,ohmo_party,
6026,2010-561835-1-103-2,yes,sos_party,
6026,2010-561835-1-190-2,yes,ohmo_party,
6026,2010-561835-1-721-2,yes,top-09_party,
6026,2010-561835-1-7-1,yes,cssd_party,
6026,2010-561835-1-47-4,yes,kscm_party,
6026,2010-561835-1-47-1,absent,kscm_party,
6026,2010-561835-1-190-3,yes,ohmo_party,
6026,2010-561835-1-103-7,absent,sos_party,
6026,2010-561835-1-7-6,yes,cssd_party,
6026,2010-561835-1-190-5,yes,ohmo_party,
6027,2010-561835-1-901-2,yes,nk_party,
6027,2010-561835-1-103-1,yes,sos_party,
6027,2010-561835-1-190-4,yes,ohmo_party,
6027,2010-561835-1-158-1,absent,sn_party,
6027,2010-561835-1-190-6,abstain,ohmo_party,
6027,2010-561835-1-53-4,absent,ods_party,
6027,2010-561835-1-190-1,yes,ohmo_party,
6027,2010-561835-1-103-2,yes,sos_party,
6027,2010-561835-1-190-2,yes,ohmo_party,
6027,2010-561835-1-721-2,yes,top-09_party,
6027,2010-561835-1-7-1,abstain,cssd_party,
6027,2010-561835-1-47-4,yes,kscm_party,
6027,2010-561835-1-47-1,absent,kscm_party,
6027,2010-561835-1-190-3,yes,ohmo_party,
6027,2010-561835-1-103-7,absent,sos_party,
6027,2010-561835-1-7-6,yes,cssd_party,
6027,2010-561835-1-190-5,yes,ohmo_party,
7001,2010-561835-1-901-2,yes,nk_party,
7001,2010-561835-1-103-1,yes,sos_party,
7001,2010-561835-1-190-4,yes,ohmo_party,
7001,2010-561835-1-158-1,yes,sn_party,
7001,2010-561835-1-190-6,yes,ohmo_party,
7001,2010-561835-1-53-4,yes,ods_party,
7001,2010-561835-1-190-1,abstain,ohmo_party,
7001,2010-561835-1-103-2,yes,sos_party,
7001,2010-561835-1-190-2,yes,ohmo_party,
7001,2010-561835-1-721-2,yes,top-09_party,
7001,2010-561835-1-7-1,yes,cssd_party,
7001,2010-561835-1-47-4,yes,kscm_party,
7001,2010-561835-1-47-1,abstain,kscm_party,
7001,2010-561835-1-190-3,yes,ohmo_party,
7001,2010-561835-1-103-7,absent,sos_party,
7001,2010-561835-1-7-6,absent,cssd_party,
7001,2010-561835-1-190-5,yes,ohmo_party,
7002,2010-561835-1-901-2,yes,nk_party,
7002,2010-561835-1-103-1,yes,sos_party,
7002,2010-561835-1-190-4,yes,ohmo_party,
7002,2010-561835-1-158-1,yes,sn_party,
7002,2010-561835-1-190-6,yes,ohmo_party,
7002,2010-561835-1-53-4,yes,ods_party,
7002,2010-561835-1-190-1,abstain,ohmo_party,
7002,2010-561835-1-103-2,yes,sos_party,
7002,2010-561835-1-190-2,yes,ohmo_party,
7002,2010-561835-1-721-2,yes,top-09_party,
7002,2010-561835-1-7-1,yes,cssd_party,
7002,2010-561835-1-47-4,yes,kscm_party,
7002,2010-561835-1-47-1,abstain,kscm_party,
7002,2010-561835-1-190-3,yes,ohmo_party,
7002,2010-561835-1-103-7,absent,sos_party,
7002,2010-561835-1-7-6,absent,cssd_party,
7002,2010-561835-1-190-5,yes,ohmo_party,
7003,2010-561835-1-901-2,yes,nk_party,
7003,2010-561835-1-103-1,yes,sos_party,
7003,2010-561835-1-190-4,abstain,ohmo_party,
7003,2010-561835-1-158-1,yes,sn_party,
7003,2010-561835-1-190-6,yes,ohmo_party,
7003,2010-561835-1-53-4,yes,ods_party,
7003,2010-561835-1-190-1,yes,ohmo_party,
7003,2010-561835-1-103-2,yes,sos_party,
7003,2010-561835-1-190-2,yes,ohmo_party,
7003,2010-561835-1-721-2,yes,top-09_party,
7003,2010-561835-1-7-1,yes,cssd_party,
7003,2010-561835-1-47-4,yes,kscm_party,
7003,2010-561835-1-47-1,yes,kscm_party,
7003,2010-561835-1-190-3,yes,ohmo_party,
7003,2010-561835-1-103-7,absent,sos_party,
7003,2010-561835-1-7-6,absent,cssd_party,
7003,2010-561835-1-190-5,yes,ohmo_party,
7004,2010-561835-1-901-2,abstain,nk_party,
7004,2010-561835-1-103-1,yes,sos_party,
7004,2010-561835-1-190-4,yes,ohmo_party,
7004,2010-561835-1-158-1,yes,sn_party,
7004,2010-561835-1-190-6,no,ohmo_party,
7004,2010-561835-1-53-4,yes,ods_party,
7004,2010-561835-1-190-1,yes,ohmo_party,
7004,2010-561835-1-103-2,yes,sos_party,
7004,2010-561835-1-190-2,yes,ohmo_party,
7004,2010-561835-1-721-2,yes,top-09_party,
7004,2010-561835-1-7-1,abstain,cssd_party,
7004,2010-561835-1-47-4,abstain,kscm_party,
7004,2010-561835-1-47-1,yes,kscm_party,
7004,2010-561835-1-190-3,yes,ohmo_party,
7004,2010-561835-1-103-7,yes,sos_party,
7004,2010-561835-1-7-6,abstain,cssd_party,
7004,2010-561835-1-190-5,yes,ohmo_party,
7005,2010-561835-1-901-2,no,nk_party,
7005,2010-561835-1-103-1,abstain,sos_party,
7005,2010-561835-1-190-4,yes,ohmo_party,
7005,2010-561835-1-158-1,yes,sn_party,
7005,2010-561835-1-190-6,yes,ohmo_party,
7005,2010-561835-1-53-4,abstain,ods_party,
7005,2010-561835-1-190-1,abstain,ohmo_party,
7005,2010-561835-1-103-2,yes,sos_party,
7005,2010-561835-1-190-2,yes,ohmo_party,
7005,2010-561835-1-721-2,yes,top-09_party,
7005,2010-561835-1-7-1,yes,cssd_party,
7005,2010-561835-1-47-4,abstain,kscm_party,
7005,2010-561835-1-47-1,yes,kscm_party,
7005,2010-561835-1-190-3,abstain,ohmo_party,
7005,2010-561835-1-103-7,yes,sos_party,
7005,2010-561835-1-7-6,abstain,cssd_party,
7005,2010-561835-1-190-5,no,ohmo_party,
7006,2010-561835-1-901-2,yes,nk_party,
7006,2010-561835-1-103-1,no,sos_party,
7006,2010-561835-1-190-4,no,ohmo_party,
7006,2010-561835-1-158-1,no,sn_party,
7006,2010-561835-1-190-6,yes,ohmo_party,
7006,2010-561835-1-53-4,yes,ods_party,
7006,2010-561835-1-190-1,no,ohmo_party,
7006,2010-561835-1-103-2,abstain,sos_party,
7006,2010-561835-1-190-2,no,ohmo_party,
7006,2010-561835-1-721-2,no,top-09_party,
7006,2010-561835-1-7-1,abstain,cssd_party,
7006,2010-561835-1-47-4,yes,kscm_party,
7006,2010-561835-1-47-1,yes,kscm_party,
7006,2010-561835-1-190-3,no,ohmo_party,
7006,2010-561835-1-103-7,no,sos_party,
7006,2010-561835-1-7-6,yes,cssd_party,
7006,2010-561835-1-190-5,no,ohmo_party,
7007,2010-561835-1-901-2,abstain,nk_party,
7007,2010-561835-1-103-1,yes,sos_party,
7007,2010-561835-1-190-4,yes,ohmo_party,
7007,2010-561835-1-158-1,yes,sn_party,
7007,2010-561835-1-190-6,yes,ohmo_party,
7007,2010-561835-1-53-4,yes,ods_party,
7007,2010-561835-1-190-1,yes,ohmo_party,
7007,2010-561835-1-103-2,yes,sos_party,
7007,2010-561835-1-190-2,yes,ohmo_party,
7007,2010-561835-1-721-2,yes,top-09_party,
7007,2010-561835-1-7-1,yes,cssd_party,
7007,2010-561835-1-47-4,abstain,kscm_party,
7007,2010-561835-1-47-1,yes,kscm_party,
7007,2010-561835-1-190-3,abstain,ohmo_party,
7007,2010-561835-1-103-7,yes,sos_party,
7007,2010-561835-1-7-6,yes,cssd_party,
7007,2010-561835-1-190-5,yes,ohmo_party,
7008,2010-561835-1-901-2,yes,nk_party,
7008,2010-561835-1-103-1,yes,sos_party,
7008,2010-561835-1-190-4,yes,ohmo_party,
7008,2010-561835-1-158-1,yes,sn_party,
7008,2010-561835-1-190-6,yes,ohmo_party,
7008,2010-561835-1-53-4,yes,ods_party,
7008,2010-561835-1-190-1,yes,ohmo_party,
7008,2010-561835-1-103-2,yes,sos_party,
7008,2010-561835-1-190-2,yes,ohmo_party,
7008,2010-561835-1-721-2,yes,top-09_party,
7008,2010-561835-1-7-1,yes,cssd_party,
7008,2010-561835-1-47-4,yes,kscm_party,
7008,2010-561835-1-47-1,yes,kscm_party,
7008,2010-561835-1-190-3,yes,ohmo_party,
7008,2010-561835-1-103-7,yes,sos_party,
7008,2010-561835-1-7-6,yes,cssd_party,
7008,2010-561835-1-190-5,yes,ohmo_party,
7009,2010-561835-1-901-2,yes,nk_party,
7009,2010-561835-1-103-1,yes,sos_party,
7009,2010-561835-1-190-4,yes,ohmo_party,
7009,2010-561835-1-158-1,yes,sn_party,
7009,2010-561835-1-190-6,yes,ohmo_party,
7009,2010-561835-1-53-4,yes,ods_party,
7009,2010-561835-1-190-1,yes,ohmo_party,
7009,2010-561835-1-103-2,yes,sos_party,
7009,2010-561835-1-190-2,yes,ohmo_party,
7009,2010-561835-1-721-2,yes,top-09_party,
7009,2010-561835-1-7-1,yes,cssd_party,
7009,2010-561835-1-47-4,yes,kscm_party,
7009,2010-561835-1-47-1,yes,kscm_party,
7009,2010-561835-1-190-3,yes,ohmo_party,
7009,2010-561835-1-103-7,yes,sos_party,
7009,2010-561835-1-7-6,yes,cssd_party,
7009,2010-561835-1-190-5,yes,ohmo_party,
7010,2010-561835-1-901-2,yes,nk_party,
7010,2010-561835-1-103-1,yes,sos_party,
7010,2010-561835-1-190-4,yes,ohmo_party,
7010,2010-561835-1-158-1,yes,sn_party,
7010,2010-561835-1-190-6,yes,ohmo_party,
7010,2010-561835-1-53-4,yes,ods_party,
7010,2010-561835-1-190-1,yes,ohmo_party,
7010,2010-561835-1-103-2,yes,sos_party,
7010,2010-561835-1-190-2,yes,ohmo_party,
7010,2010-561835-1-721-2,yes,top-09_party,
7010,2010-561835-1-7-1,yes,cssd_party,
7010,2010-561835-1-47-4,yes,kscm_party,
7010,2010-561835-1-47-1,yes,kscm_party,
7010,2010-561835-1-190-3,yes,ohmo_party,
7010,2010-561835-1-103-7,yes,sos_party,
7010,2010-561835-1-7-6,yes,cssd_party,
7010,2010-561835-1-190-5,yes,ohmo_party,
7011,2010-561835-1-901-2,yes,nk_party,
7011,2010-561835-1-103-1,yes,sos_party,
7011,2010-561835-1-190-4,yes,ohmo_party,
7011,2010-561835-1-158-1,yes,sn_party,
7011,2010-561835-1-190-6,yes,ohmo_party,
7011,2010-561835-1-53-4,yes,ods_party,
7011,2010-561835-1-190-1,yes,ohmo_party,
7011,2010-561835-1-103-2,yes,sos_party,
7011,2010-561835-1-190-2,yes,ohmo_party,
7011,2010-561835-1-721-2,yes,top-09_party,
7011,2010-561835-1-7-1,yes,cssd_party,
7011,2010-561835-1-47-4,yes,kscm_party,
7011,2010-561835-1-47-1,yes,kscm_party,
7011,2010-561835-1-190-3,yes,ohmo_party,
7011,2010-561835-1-103-7,yes,sos_party,
7011,2010-561835-1-7-6,yes,cssd_party,
7011,2010-561835-1-190-5,yes,ohmo_party,
7012,2010-561835-1-901-2,yes,nk_party,
7012,2010-561835-1-103-1,yes,sos_party,
7012,2010-561835-1-190-4,yes,ohmo_party,
7012,2010-561835-1-158-1,yes,sn_party,
7012,2010-561835-1-190-6,yes,ohmo_party,
7012,2010-561835-1-53-4,yes,ods_party,
7012,2010-561835-1-190-1,yes,ohmo_party,
7012,2010-561835-1-103-2,yes,sos_party,
7012,2010-561835-1-190-2,yes,ohmo_party,
7012,2010-561835-1-721-2,yes,top-09_party,
7012,2010-561835-1-7-1,yes,cssd_party,
7012,2010-561835-1-47-4,yes,kscm_party,
7012,2010-561835-1-47-1,yes,kscm_party,
7012,2010-561835-1-190-3,yes,ohmo_party,
7012,2010-561835-1-103-7,yes,sos_party,
7012,2010-561835-1-7-6,yes,cssd_party,
7012,2010-561835-1-190-5,yes,ohmo_party,
7013,2010-561835-1-901-2,yes,nk_party,
7013,2010-561835-1-103-1,yes,sos_party,
7013,2010-561835-1-190-4,yes,ohmo_party,
7013,2010-561835-1-158-1,yes,sn_party,
7013,2010-561835-1-190-6,yes,ohmo_party,
7013,2010-561835-1-53-4,yes,ods_party,
7013,2010-561835-1-190-1,yes,ohmo_party,
7013,2010-561835-1-103-2,yes,sos_party,
7013,2010-561835-1-190-2,yes,ohmo_party,
7013,2010-561835-1-721-2,yes,top-09_party,
7013,2010-561835-1-7-1,yes,cssd_party,
7013,2010-561835-1-47-4,yes,kscm_party,
7013,2010-561835-1-47-1,yes,kscm_party,
7013,2010-561835-1-190-3,yes,ohmo_party,
7013,2010-561835-1-103-7,yes,sos_party,
7013,2010-561835-1-7-6,abstain,cssd_party,
7013,2010-561835-1-190-5,yes,ohmo_party,
7014,2010-561835-1-901-2,yes,nk_party,
7014,2010-561835-1-103-1,yes,sos_party,
7014,2010-561835-1-190-4,yes,ohmo_party,
7014,2010-561835-1-158-1,yes,sn_party,
7014,2010-561835-1-190-6,yes,ohmo_party,
7014,2010-561835-1-53-4,yes,ods_party,
7014,2010-561835-1-190-1,yes,ohmo_party,
7014,2010-561835-1-103-2,yes,sos_party,
7014,2010-561835-1-190-2,yes,ohmo_party,
7014,2010-561835-1-721-2,yes,top-09_party,
7014,2010-561835-1-7-1,yes,cssd_party,
7014,2010-561835-1-47-4,yes,kscm_party,
7014,2010-561835-1-47-1,yes,kscm_party,
7014,2010-561835-1-190-3,yes,ohmo_party,
7014,2010-561835-1-103-7,yes,sos_party,
7014,2010-561835-1-7-6,yes,cssd_party,
7014,2010-561835-1-190-5,yes,ohmo_party,
7015,2010-561835-1-901-2,yes,nk_party,
7015,2010-561835-1-103-1,yes,sos_party,
7015,2010-561835-1-190-4,abstain,ohmo_party,
7015,2010-561835-1-158-1,yes,sn_party,
7015,2010-561835-1-190-6,yes,ohmo_party,
7015,2010-561835-1-53-4,yes,ods_party,
7015,2010-561835-1-190-1,yes,ohmo_party,
7015,2010-561835-1-103-2,yes,sos_party,
7015,2010-561835-1-190-2,yes,ohmo_party,
7015,2010-561835-1-721-2,yes,top-09_party,
7015,2010-561835-1-7-1,yes,cssd_party,
7015,2010-561835-1-47-4,yes,kscm_party,
7015,2010-561835-1-47-1,yes,kscm_party,
7015,2010-561835-1-190-3,yes,ohmo_party,
7015,2010-561835-1-103-7,yes,sos_party,
7015,2010-561835-1-7-6,yes,cssd_party,
7015,2010-561835-1-190-5,yes,ohmo_party,
7016,2010-561835-1-901-2,yes,nk_party,
7016,2010-561835-1-103-1,yes,sos_party,
7016,2010-561835-1-190-4,yes,ohmo_party,
7016,2010-561835-1-158-1,yes,sn_party,
7016,2010-561835-1-190-6,yes,ohmo_party,
7016,2010-561835-1-53-4,yes,ods_party,
7016,2010-561835-1-190-1,yes,ohmo_party,
7016,2010-561835-1-103-2,yes,sos_party,
7016,2010-561835-1-190-2,yes,ohmo_party,
7016,2010-561835-1-721-2,yes,top-09_party,
7016,2010-561835-1-7-1,yes,cssd_party,
7016,2010-561835-1-47-4,yes,kscm_party,
7016,2010-561835-1-47-1,no,kscm_party,
7016,2010-561835-1-190-3,yes,ohmo_party,
7016,2010-561835-1-103-7,yes,sos_party,
7016,2010-561835-1-7-6,yes,cssd_party,
7016,2010-561835-1-190-5,yes,ohmo_party,
7017,2010-561835-1-901-2,yes,nk_party,
7017,2010-561835-1-103-1,yes,sos_party,
7017,2010-561835-1-190-4,yes,ohmo_party,
7017,2010-561835-1-158-1,yes,sn_party,
7017,2010-561835-1-190-6,yes,ohmo_party,
7017,2010-561835-1-53-4,yes,ods_party,
7017,2010-561835-1-190-1,yes,ohmo_party,
7017,2010-561835-1-103-2,yes,sos_party,
7017,2010-561835-1-190-2,yes,ohmo_party,
7017,2010-561835-1-721-2,yes,top-09_party,
7017,2010-561835-1-7-1,yes,cssd_party,
7017,2010-561835-1-47-4,yes,kscm_party,
7017,2010-561835-1-47-1,yes,kscm_party,
7017,2010-561835-1-190-3,yes,ohmo_party,
7017,2010-561835-1-103-7,yes,sos_party,
7017,2010-561835-1-7-6,yes,cssd_party,
7017,2010-561835-1-190-5,yes,ohmo_party,
7018,2010-561835-1-901-2,no,nk_party,
7018,2010-561835-1-103-1,abstain,sos_party,
7018,2010-561835-1-190-4,yes,ohmo_party,
7018,2010-561835-1-158-1,yes,sn_party,
7018,2010-561835-1-190-6,abstain,ohmo_party,
7018,2010-561835-1-53-4,yes,ods_party,
7018,2010-561835-1-190-1,yes,ohmo_party,
7018,2010-561835-1-103-2,yes,sos_party,
7018,2010-561835-1-190-2,yes,ohmo_party,
7018,2010-561835-1-721-2,yes,top-09_party,
7018,2010-561835-1-7-1,yes,cssd_party,
7018,2010-561835-1-47-4,abstain,kscm_party,
7018,2010-561835-1-47-1,yes,kscm_party,
7018,2010-561835-1-190-3,abstain,ohmo_party,
7018,2010-561835-1-103-7,yes,sos_party,
7018,2010-561835-1-7-6,abstain,cssd_party,
7018,2010-561835-1-190-5,yes,ohmo_party,
7019,2010-561835-1-901-2,no,nk_party,
7019,2010-561835-1-103-1,yes,sos_party,
7019,2010-561835-1-190-4,yes,ohmo_party,
7019,2010-561835-1-158-1,no,sn_party,
7019,2010-561835-1-190-6,yes,ohmo_party,
7019,2010-561835-1-53-4,yes,ods_party,
7019,2010-561835-1-190-1,yes,ohmo_party,
7019,2010-561835-1-103-2,yes,sos_party,
7019,2010-561835-1-190-2,yes,ohmo_party,
7019,2010-561835-1-721-2,yes,top-09_party,
7019,2010-561835-1-7-1,yes,cssd_party,
7019,2010-561835-1-47-4,no,kscm_party,
7019,2010-561835-1-47-1,no,kscm_party,
7019,2010-561835-1-190-3,yes,ohmo_party,
7019,2010-561835-1-103-7,yes,sos_party,
7019,2010-561835-1-7-6,no,cssd_party,
7019,2010-561835-1-190-5,yes,ohmo_party,
7020,2010-561835-1-901-2,yes,nk_party,
7020,2010-561835-1-103-1,yes,sos_party,
7020,2010-561835-1-190-4,yes,ohmo_party,
7020,2010-561835-1-158-1,yes,sn_party,
7020,2010-561835-1-190-6,yes,ohmo_party,
7020,2010-561835-1-53-4,yes,ods_party,
7020,2010-561835-1-190-1,yes,ohmo_party,
7020,2010-561835-1-103-2,yes,sos_party,
7020,2010-561835-1-190-2,yes,ohmo_party,
7020,2010-561835-1-721-2,yes,top-09_party,
7020,2010-561835-1-7-1,yes,cssd_party,
7020,2010-561835-1-47-4,yes,kscm_party,
7020,2010-561835-1-47-1,yes,kscm_party,
7020,2010-561835-1-190-3,yes,ohmo_party,
7020,2010-561835-1-103-7,yes,sos_party,
7020,2010-561835-1-7-6,yes,cssd_party,
7020,2010-561835-1-190-5,yes,ohmo_party,
7021,2010-561835-1-901-2,yes,nk_party,
7021,2010-561835-1-103-1,yes,sos_party,
7021,2010-561835-1-190-4,yes,ohmo_party,
7021,2010-561835-1-158-1,yes,sn_party,
7021,2010-561835-1-190-6,absent,ohmo_party,
7021,2010-561835-1-53-4,yes,ods_party,
7021,2010-561835-1-190-1,yes,ohmo_party,
7021,2010-561835-1-103-2,yes,sos_party,
7021,2010-561835-1-190-2,yes,ohmo_party,
7021,2010-561835-1-721-2,absent,top-09_party,
7021,2010-561835-1-7-1,yes,cssd_party,
7021,2010-561835-1-47-4,yes,kscm_party,
7021,2010-561835-1-47-1,absent,kscm_party,
7021,2010-561835-1-190-3,yes,ohmo_party,
7021,2010-561835-1-103-7,yes,sos_party,
7021,2010-561835-1-7-6,yes,cssd_party,
7021,2010-561835-1-190-5,yes,ohmo_party,
7022,2010-561835-1-901-2,yes,nk_party,
7022,2010-561835-1-103-1,yes,sos_party,
7022,2010-561835-1-190-4,yes,ohmo_party,
7022,2010-561835-1-158-1,yes,sn_party,
7022,2010-561835-1-190-6,absent,ohmo_party,
7022,2010-561835-1-53-4,yes,ods_party,
7022,2010-561835-1-190-1,yes,ohmo_party,
7022,2010-561835-1-103-2,yes,sos_party,
7022,2010-561835-1-190-2,yes,ohmo_party,
7022,2010-561835-1-721-2,absent,top-09_party,
7022,2010-561835-1-7-1,yes,cssd_party,
7022,2010-561835-1-47-4,abstain,kscm_party,
7022,2010-561835-1-47-1,absent,kscm_party,
7022,2010-561835-1-190-3,yes,ohmo_party,
7022,2010-561835-1-103-7,yes,sos_party,
7022,2010-561835-1-7-6,yes,cssd_party,
7022,2010-561835-1-190-5,yes,ohmo_party,
7023,2010-561835-1-901-2,abstain,nk_party,
7023,2010-561835-1-103-1,yes,sos_party,
7023,2010-561835-1-190-4,yes,ohmo_party,
7023,2010-561835-1-158-1,yes,sn_party,
7023,2010-561835-1-190-6,abstain,ohmo_party,
7023,2010-561835-1-53-4,yes,ods_party,
7023,2010-561835-1-190-1,yes,ohmo_party,
7023,2010-561835-1-103-2,yes,sos_party,
7023,2010-561835-1-190-2,yes,ohmo_party,
7023,2010-561835-1-721-2,yes,top-09_party,
7023,2010-561835-1-7-1,abstain,cssd_party,
7023,2010-561835-1-47-4,abstain,kscm_party,
7023,2010-561835-1-47-1,yes,kscm_party,
7023,2010-561835-1-190-3,yes,ohmo_party,
7023,2010-561835-1-103-7,yes,sos_party,
7023,2010-561835-1-7-6,yes,cssd_party,
7023,2010-561835-1-190-5,absent,ohmo_party,
7024,2010-561835-1-901-2,yes,nk_party,
7024,2010-561835-1-103-1,yes,sos_party,
7024,2010-561835-1-190-4,yes,ohmo_party,
7024,2010-561835-1-158-1,yes,sn_party,
7024,2010-561835-1-190-6,yes,ohmo_party,
7024,2010-561835-1-53-4,yes,ods_party,
7024,2010-561835-1-190-1,yes,ohmo_party,
7024,2010-561835-1-103-2,yes,sos_party,
7024,2010-561835-1-190-2,yes,ohmo_party,
7024,2010-561835-1-721-2,yes,top-09_party,
7024,2010-561835-1-7-1,yes,cssd_party,
7024,2010-561835-1-47-4,abstain,kscm_party,
7024,2010-561835-1-47-1,yes,kscm_party,
7024,2010-561835-1-190-3,yes,ohmo_party,
7024,2010-561835-1-103-7,absent,sos_party,
7024,2010-561835-1-7-6,yes,cssd_party,
7024,2010-561835-1-190-5,yes,ohmo_party,
7025,2010-561835-1-901-2,abstain,nk_party,
7025,2010-561835-1-103-1,yes,sos_party,
7025,2010-561835-1-190-4,yes,ohmo_party,
7025,2010-561835-1-158-1,yes,sn_party,
7025,2010-561835-1-190-6,yes,ohmo_party,
7025,2010-561835-1-53-4,yes,ods_party,
7025,2010-561835-1-190-1,yes,ohmo_party,
7025,2010-561835-1-103-2,yes,sos_party,
7025,2010-561835-1-190-2,yes,ohmo_party,
7025,2010-561835-1-721-2,yes,top-09_party,
7025,2010-561835-1-7-1,yes,cssd_party,
7025,2010-561835-1-47-4,abstain,kscm_party,
7025,2010-561835-1-47-1,yes,kscm_party,
7025,2010-561835-1-190-3,yes,ohmo_party,
7025,2010-561835-1-103-7,yes,sos_party,
7025,2010-561835-1-7-6,yes,cssd_party,
7025,2010-561835-1-190-5,yes,ohmo_party,
7026,2010-561835-1-901-2,yes,nk_party,
7026,2010-561835-1-103-1,yes,sos_party,
7026,2010-561835-1-190-4,yes,ohmo_party,
7026,2010-561835-1-158-1,yes,sn_party,
7026,2010-561835-1-190-6,yes,ohmo_party,
7026,2010-561835-1-53-4,yes,ods_party,
7026,2010-561835-1-190-1,yes,ohmo_party,
7026,2010-561835-1-103-2,yes,sos_party,
7026,2010-561835-1-190-2,yes,ohmo_party,
7026,2010-561835-1-721-2,yes,top-09_party,
7026,2010-561835-1-7-1,yes,cssd_party,
7026,2010-561835-1-47-4,absent,kscm_party,
7026,2010-561835-1-47-1,yes,kscm_party,
7026,2010-561835-1-190-3,yes,ohmo_party,
7026,2010-561835-1-103-7,yes,sos_party,
7026,2010-561835-1-7-6,yes,cssd_party,
7026,2010-561835-1-190-5,yes,ohmo_party,
7027,2010-561835-1-901-2,yes,nk_party,
7027,2010-561835-1-103-1,yes,sos_party,
7027,2010-561835-1-190-4,yes,ohmo_party,
7027,2010-561835-1-158-1,yes,sn_party,
7027,2010-561835-1-190-6,yes,ohmo_party,
7027,2010-561835-1-53-4,yes,ods_party,
7027,2010-561835-1-190-1,yes,ohmo_party,
7027,2010-561835-1-103-2,yes,sos_party,
7027,2010-561835-1-190-2,yes,ohmo_party,
7027,2010-561835-1-721-2,yes,top-09_party,
7027,2010-561835-1-7-1,yes,cssd_party,
7027,2010-561835-1-47-4,absent,kscm_party,
7027,2010-561835-1-47-1,yes,kscm_party,
7027,2010-561835-1-190-3,yes,ohmo_party,
7027,2010-561835-1-103-7,yes,sos_party,
7027,2010-561835-1-7-6,yes,cssd_party,
7027,2010-561835-1-190-5,yes,ohmo_party,
7028,2010-561835-1-901-2,yes,nk_party,
7028,2010-561835-1-103-1,yes,sos_party,
7028,2010-561835-1-190-4,yes,ohmo_party,
7028,2010-561835-1-158-1,yes,sn_party,
7028,2010-561835-1-190-6,yes,ohmo_party,
7028,2010-561835-1-53-4,yes,ods_party,
7028,2010-561835-1-190-1,yes,ohmo_party,
7028,2010-561835-1-103-2,yes,sos_party,
7028,2010-561835-1-190-2,yes,ohmo_party,
7028,2010-561835-1-721-2,yes,top-09_party,
7028,2010-561835-1-7-1,yes,cssd_party,
7028,2010-561835-1-47-4,absent,kscm_party,
7028,2010-561835-1-47-1,yes,kscm_party,
7028,2010-561835-1-190-3,yes,ohmo_party,
7028,2010-561835-1-103-7,yes,sos_party,
7028,2010-561835-1-7-6,yes,cssd_party,
7028,2010-561835-1-190-5,yes,ohmo_party,
7029,2010-561835-1-901-2,yes,nk_party,
7029,2010-561835-1-103-1,absent,sos_party,
7029,2010-561835-1-190-4,yes,ohmo_party,
7029,2010-561835-1-158-1,yes,sn_party,
7029,2010-561835-1-190-6,yes,ohmo_party,
7029,2010-561835-1-53-4,yes,ods_party,
7029,2010-561835-1-190-1,yes,ohmo_party,
7029,2010-561835-1-103-2,yes,sos_party,
7029,2010-561835-1-190-2,yes,ohmo_party,
7029,2010-561835-1-721-2,yes,top-09_party,
7029,2010-561835-1-7-1,yes,cssd_party,
7029,2010-561835-1-47-4,absent,kscm_party,
7029,2010-561835-1-47-1,yes,kscm_party,
7029,2010-561835-1-190-3,yes,ohmo_party,
7029,2010-561835-1-103-7,yes,sos_party,
7029,2010-561835-1-7-6,yes,cssd_party,
7029,2010-561835-1-190-5,yes,ohmo_party,
7030,2010-561835-1-901-2,absent,nk_party,
7030,2010-561835-1-103-1,absent,sos_party,
7030,2010-561835-1-190-4,yes,ohmo_party,
7030,2010-561835-1-158-1,yes,sn_party,
7030,2010-561835-1-190-6,yes,ohmo_party,
7030,2010-561835-1-53-4,yes,ods_party,
7030,2010-561835-1-190-1,yes,ohmo_party,
7030,2010-561835-1-103-2,yes,sos_party,
7030,2010-561835-1-190-2,yes,ohmo_party,
7030,2010-561835-1-721-2,yes,top-09_party,
7030,2010-561835-1-7-1,yes,cssd_party,
7030,2010-561835-1-47-4,abstain,kscm_party,
7030,2010-561835-1-47-1,yes,kscm_party,
7030,2010-561835-1-190-3,absent,ohmo_party,
7030,2010-561835-1-103-7,yes,sos_party,
7030,2010-561835-1-7-6,yes,cssd_party,
7030,2010-561835-1-190-5,yes,ohmo_party,
7031,2010-561835-1-901-2,yes,nk_party,
7031,2010-561835-1-103-1,yes,sos_party,
7031,2010-561835-1-190-4,yes,ohmo_party,
7031,2010-561835-1-158-1,yes,sn_party,
7031,2010-561835-1-190-6,abstain,ohmo_party,
7031,2010-561835-1-53-4,yes,ods_party,
7031,2010-561835-1-190-1,yes,ohmo_party,
7031,2010-561835-1-103-2,yes,sos_party,
7031,2010-561835-1-190-2,yes,ohmo_party,
7031,2010-561835-1-721-2,yes,top-09_party,
7031,2010-561835-1-7-1,yes,cssd_party,
7031,2010-561835-1-47-4,yes,kscm_party,
7031,2010-561835-1-47-1,yes,kscm_party,
7031,2010-561835-1-190-3,absent,ohmo_party,
7031,2010-561835-1-103-7,yes,sos_party,
7031,2010-561835-1-7-6,yes,cssd_party,
7031,2010-561835-1-190-5,yes,ohmo_party,
7032,2010-561835-1-901-2,yes,nk_party,
7032,2010-561835-1-103-1,yes,sos_party,
7032,2010-561835-1-190-4,yes,ohmo_party,
7032,2010-561835-1-158-1,yes,sn_party,
7032,2010-561835-1-190-6,yes,ohmo_party,
7032,2010-561835-1-53-4,yes,ods_party,
7032,2010-561835-1-190-1,yes,ohmo_party,
7032,2010-561835-1-103-2,yes,sos_party,
7032,2010-561835-1-190-2,yes,ohmo_party,
7032,2010-561835-1-721-2,yes,top-09_party,
7032,2010-561835-1-7-1,abstain,cssd_party,
7032,2010-561835-1-47-4,yes,kscm_party,
7032,2010-561835-1-47-1,yes,kscm_party,
7032,2010-561835-1-190-3,yes,ohmo_party,
7032,2010-561835-1-103-7,yes,sos_party,
7032,2010-561835-1-7-6,yes,cssd_party,
7032,2010-561835-1-190-5,yes,ohmo_party,
7033,2010-561835-1-901-2,yes,nk_party,
7033,2010-561835-1-103-1,yes,sos_party,
7033,2010-561835-1-190-4,yes,ohmo_party,
7033,2010-561835-1-158-1,yes,sn_party,
7033,2010-561835-1-190-6,yes,ohmo_party,
7033,2010-561835-1-53-4,yes,ods_party,
7033,2010-561835-1-190-1,yes,ohmo_party,
7033,2010-561835-1-103-2,yes,sos_party,
7033,2010-561835-1-190-2,yes,ohmo_party,
7033,2010-561835-1-721-2,yes,top-09_party,
7033,2010-561835-1-7-1,yes,cssd_party,
7033,2010-561835-1-47-4,yes,kscm_party,
7033,2010-561835-1-47-1,yes,kscm_party,
7033,2010-561835-1-190-3,yes,ohmo_party,
7033,2010-561835-1-103-7,yes,sos_party,
7033,2010-561835-1-7-6,yes,cssd_party,
7033,2010-561835-1-190-5,yes,ohmo_party,
7034,2010-561835-1-901-2,yes,nk_party,
7034,2010-561835-1-103-1,yes,sos_party,
7034,2010-561835-1-190-4,yes,ohmo_party,
7034,2010-561835-1-158-1,yes,sn_party,
7034,2010-561835-1-190-6,absent,ohmo_party,
7034,2010-561835-1-53-4,yes,ods_party,
7034,2010-561835-1-190-1,yes,ohmo_party,
7034,2010-561835-1-103-2,yes,sos_party,
7034,2010-561835-1-190-2,yes,ohmo_party,
7034,2010-561835-1-721-2,yes,top-09_party,
7034,2010-561835-1-7-1,yes,cssd_party,
7034,2010-561835-1-47-4,yes,kscm_party,
7034,2010-561835-1-47-1,yes,kscm_party,
7034,2010-561835-1-190-3,yes,ohmo_party,
7034,2010-561835-1-103-7,yes,sos_party,
7034,2010-561835-1-7-6,yes,cssd_party,
7034,2010-561835-1-190-5,yes,ohmo_party,
7035,2010-561835-1-901-2,abstain,nk_party,
7035,2010-561835-1-103-1,yes,sos_party,
7035,2010-561835-1-190-4,yes,ohmo_party,
7035,2010-561835-1-158-1,abstain,sn_party,
7035,2010-561835-1-190-6,abstain,ohmo_party,
7035,2010-561835-1-53-4,yes,ods_party,
7035,2010-561835-1-190-1,yes,ohmo_party,
7035,2010-561835-1-103-2,yes,sos_party,
7035,2010-561835-1-190-2,yes,ohmo_party,
7035,2010-561835-1-721-2,yes,top-09_party,
7035,2010-561835-1-7-1,yes,cssd_party,
7035,2010-561835-1-47-4,abstain,kscm_party,
7035,2010-561835-1-47-1,abstain,kscm_party,
7035,2010-561835-1-190-3,yes,ohmo_party,
7035,2010-561835-1-103-7,yes,sos_party,
7035,2010-561835-1-7-6,abstain,cssd_party,
7035,2010-561835-1-190-5,yes,ohmo_party,
7036,2010-561835-1-901-2,yes,nk_party,
7036,2010-561835-1-103-1,yes,sos_party,
7036,2010-561835-1-190-4,yes,ohmo_party,
7036,2010-561835-1-158-1,yes,sn_party,
7036,2010-561835-1-190-6,yes,ohmo_party,
7036,2010-561835-1-53-4,yes,ods_party,
7036,2010-561835-1-190-1,yes,ohmo_party,
7036,2010-561835-1-103-2,yes,sos_party,
7036,2010-561835-1-190-2,yes,ohmo_party,
7036,2010-561835-1-721-2,yes,top-09_party,
7036,2010-561835-1-7-1,yes,cssd_party,
7036,2010-561835-1-47-4,yes,kscm_party,
7036,2010-561835-1-47-1,yes,kscm_party,
7036,2010-561835-1-190-3,yes,ohmo_party,
7036,2010-561835-1-103-7,yes,sos_party,
7036,2010-561835-1-7-6,yes,cssd_party,
7036,2010-561835-1-190-5,absent,ohmo_party,
7037,2010-561835-1-901-2,yes,nk_party,
7037,2010-561835-1-103-1,yes,sos_party,
7037,2010-561835-1-190-4,yes,ohmo_party,
7037,2010-561835-1-158-1,yes,sn_party,
7037,2010-561835-1-190-6,abstain,ohmo_party,
7037,2010-561835-1-53-4,yes,ods_party,
7037,2010-561835-1-190-1,yes,ohmo_party,
7037,2010-561835-1-103-2,yes,sos_party,
7037,2010-561835-1-190-2,yes,ohmo_party,
7037,2010-561835-1-721-2,yes,top-09_party,
7037,2010-561835-1-7-1,yes,cssd_party,
7037,2010-561835-1-47-4,abstain,kscm_party,
7037,2010-561835-1-47-1,yes,kscm_party,
7037,2010-561835-1-190-3,yes,ohmo_party,
7037,2010-561835-1-103-7,yes,sos_party,
7037,2010-561835-1-7-6,abstain,cssd_party,
7037,2010-561835-1-190-5,absent,ohmo_party,
7038,2010-561835-1-901-2,yes,nk_party,
7038,2010-561835-1-103-1,yes,sos_party,
7038,2010-561835-1-190-4,yes,ohmo_party,
7038,2010-561835-1-158-1,yes,sn_party,
7038,2010-561835-1-190-6,yes,ohmo_party,
7038,2010-561835-1-53-4,yes,ods_party,
7038,2010-561835-1-190-1,yes,ohmo_party,
7038,2010-561835-1-103-2,yes,sos_party,
7038,2010-561835-1-190-2,yes,ohmo_party,
7038,2010-561835-1-721-2,yes,top-09_party,
7038,2010-561835-1-7-1,yes,cssd_party,
7038,2010-561835-1-47-4,abstain,kscm_party,
7038,2010-561835-1-47-1,yes,kscm_party,
7038,2010-561835-1-190-3,yes,ohmo_party,
7038,2010-561835-1-103-7,yes,sos_party,
7038,2010-561835-1-7-6,yes,cssd_party,
7038,2010-561835-1-190-5,yes,ohmo_party,
7039,2010-561835-1-901-2,yes,nk_party,
7039,2010-561835-1-103-1,yes,sos_party,
7039,2010-561835-1-190-4,yes,ohmo_party,
7039,2010-561835-1-158-1,yes,sn_party,
7039,2010-561835-1-190-6,yes,ohmo_party,
7039,2010-561835-1-53-4,yes,ods_party,
7039,2010-561835-1-190-1,yes,ohmo_party,
7039,2010-561835-1-103-2,yes,sos_party,
7039,2010-561835-1-190-2,yes,ohmo_party,
7039,2010-561835-1-721-2,yes,top-09_party,
7039,2010-561835-1-7-1,yes,cssd_party,
7039,2010-561835-1-47-4,yes,kscm_party,
7039,2010-561835-1-47-1,yes,kscm_party,
7039,2010-561835-1-190-3,yes,ohmo_party,
7039,2010-561835-1-103-7,yes,sos_party,
7039,2010-561835-1-7-6,yes,cssd_party,
7039,2010-561835-1-190-5,yes,ohmo_party,
7040,2010-561835-1-901-2,abstain,nk_party,
7040,2010-561835-1-103-1,yes,sos_party,
7040,2010-561835-1-190-4,yes,ohmo_party,
7040,2010-561835-1-158-1,yes,sn_party,
7040,2010-561835-1-190-6,abstain,ohmo_party,
7040,2010-561835-1-53-4,yes,ods_party,
7040,2010-561835-1-190-1,yes,ohmo_party,
7040,2010-561835-1-103-2,yes,sos_party,
7040,2010-561835-1-190-2,yes,ohmo_party,
7040,2010-561835-1-721-2,yes,top-09_party,
7040,2010-561835-1-7-1,abstain,cssd_party,
7040,2010-561835-1-47-4,abstain,kscm_party,
7040,2010-561835-1-47-1,yes,kscm_party,
7040,2010-561835-1-190-3,yes,ohmo_party,
7040,2010-561835-1-103-7,yes,sos_party,
7040,2010-561835-1-7-6,yes,cssd_party,
7040,2010-561835-1-190-5,yes,ohmo_party,
7041,2010-561835-1-901-2,yes,nk_party,
7041,2010-561835-1-103-1,yes,sos_party,
7041,2010-561835-1-190-4,yes,ohmo_party,
7041,2010-561835-1-158-1,yes,sn_party,
7041,2010-561835-1-190-6,yes,ohmo_party,
7041,2010-561835-1-53-4,yes,ods_party,
7041,2010-561835-1-190-1,yes,ohmo_party,
7041,2010-561835-1-103-2,yes,sos_party,
7041,2010-561835-1-190-2,yes,ohmo_party,
7041,2010-561835-1-721-2,yes,top-09_party,
7041,2010-561835-1-7-1,yes,cssd_party,
7041,2010-561835-1-47-4,yes,kscm_party,
7041,2010-561835-1-47-1,absent,kscm_party,
7041,2010-561835-1-190-3,yes,ohmo_party,
7041,2010-561835-1-103-7,yes,sos_party,
7041,2010-561835-1-7-6,abstain,cssd_party,
7041,2010-561835-1-190-5,yes,ohmo_party,
